window_idx,start,end,n_hours,observed_mean,observed_p90,observed_max,central_mae,prelim_coverage,prelim_mean_width,prelim_mean_interval_score,calibrated_coverage,calibrated_mean_width,calibrated_mean_interval_score,passes_high_o3_filter,distance_to_target_interval_score,coverage_abs_error
0,2024-01-18,2024-01-24 23:00:00,168,29.327380952380953,57.0,74.0,10.089598453131881,0.7599206349206349,31.22793466235376,42.7971961968896,0.8055555555555556,32.97144423245092,42.64278708703534,False,6.320373459823351,0.005555555555555536
1,2024-01-19,2024-01-25 23:00:00,168,24.261904761904763,51.30000000000001,74.0,8.465144476179033,0.7916666666666666,29.657370664550477,37.01364327724434,0.8452380952380952,31.400880234647644,37.220975101310785,False,11.742185445547904,0.04523809523809519
2,2024-01-20,2024-01-26 23:00:00,168,20.202380952380953,50.30000000000001,74.0,7.410664399465093,0.7956349206349206,27.724119975762793,33.007369257943225,0.8630952380952381,29.467629545859957,33.35213061813157,False,15.61102992872712,0.0630952380952381
3,2024-01-21,2024-01-27 23:00:00,168,16.05952380952381,41.30000000000001,63.0,6.63326575383561,0.7956349206349206,26.318767900032235,29.585056313603364,0.8829365079365079,28.0622774701294,30.127425295834094,False,18.835735251024595,0.08293650793650786
4,2024-01-22,2024-01-28 23:00:00,168,16.261904761904763,43.900000000000034,70.0,7.661404778117299,0.7380952380952381,25.677438500469346,32.89845439973718,0.8373015873015873,27.420948070566514,32.94036518470856,False,16.022795362150127,0.03730158730158728
5,2024-01-23,2024-01-29 23:00:00,168,18.404761904761905,54.30000000000001,70.0,7.959535761480768,0.7420634920634921,25.60646676855438,33.787027693966536,0.8432539682539683,27.349976338651544,33.89870514653271,False,15.064455400325976,0.04325396825396821
6,2024-01-24,2024-01-30 23:00:00,168,22.672619047619047,58.0,74.0,8.044797355678135,0.746031746031746,26.022142678287516,35.47039601635316,0.8273809523809523,27.76565224838468,35.55348852012272,False,13.409672026735969,0.027380952380952284
7,2024-02-02,2024-02-08 23:00:00,168,21.761904761904763,50.30000000000001,66.0,9.437556055143412,0.7341269841269841,31.195766128600816,37.60818060612375,0.8373015873015873,32.939275698697976,37.67197167544153,False,11.291188871417155,0.03730158730158728
8,2024-02-03,2024-02-09 23:00:00,168,25.541666666666668,52.0,66.0,9.607915269295392,0.7599206349206349,31.877212263760438,38.306738923554995,0.8452380952380952,33.6207218338576,38.492408192166444,False,10.470752354692245,0.04523809523809519
9,2024-02-04,2024-02-10 23:00:00,168,29.458333333333332,54.30000000000001,67.0,9.511729435020687,0.7837301587301587,32.486743780121834,38.684145139553436,0.8472222222222222,34.230253350219,38.95172402703838,False,10.011436519820307,0.047222222222222165
10,2024-02-05,2024-02-11 23:00:00,168,35.732142857142854,62.0,67.0,8.729582342683914,0.8273809523809523,32.04256667921903,36.9095037683755,0.878968253968254,33.78607624931619,37.52905237041905,False,11.434108176439636,0.07896825396825391
11,2024-02-06,2024-02-12 23:00:00,168,39.82142857142857,62.0,67.0,8.660255840274976,0.8611111111111112,32.70632886497038,37.26680071307715,0.8908730158730159,34.44983843506754,37.998366611843004,False,10.964793935015685,0.09087301587301588
12,2024-02-07,2024-02-13 23:00:00,168,40.773809523809526,62.0,67.0,8.4430304192223,0.873015873015873,33.28879160895807,37.83238167856291,0.8928571428571429,35.03230117905524,38.63653891071874,False,10.326621636139947,0.09285714285714286
13,2024-02-08,2024-02-14 23:00:00,168,38.958333333333336,62.0,67.0,8.882455287775572,0.8293650793650794,32.7822465631264,38.18678499757861,0.8630952380952381,34.52575613322357,38.72995081472698,False,10.233209732131705,0.0630952380952381
14,2024-02-17,2024-02-23 23:00:00,168,40.63690476190476,71.30000000000001,84.0,13.907495438627548,0.6448412698412699,34.21531505036144,58.27346383867649,0.6845238095238095,35.95882462045861,57.1261758742587,False,8.16301532740001,0.11547619047619051
15,2024-02-18,2024-02-24 23:00:00,168,44.267857142857146,72.0,84.0,13.228073589626867,0.6666666666666666,33.73932385292544,56.141722026679474,0.7063492063492064,35.482833423022605,55.18936171497477,False,6.226201168116084,0.09365079365079365
16,2024-02-19,2024-02-25 23:00:00,168,44.81547619047619,72.0,83.0,12.552159605125949,0.6924603174603174,33.63265886249979,54.372223638681206,0.7301587301587301,35.376168432596955,53.6218002165178,False,4.6586396696591095,0.06984126984126993
17,2024-02-20,2024-02-26 23:00:00,168,47.232142857142854,72.0,83.0,11.936468771694331,0.7182539682539683,33.53161015070575,52.58943719236336,0.7440476190476191,35.27511972080293,52.011142241548384,False,3.047981694689696,0.055952380952380976
18,2024-02-21,2024-02-27 23:00:00,168,48.160714285714285,71.30000000000001,83.0,11.182297390401855,0.7698412698412699,33.706223778280204,50.20620335844609,0.7857142857142857,35.44973334837736,50.03312644895275,False,1.0699659020940615,0.014285714285714346
19,2024-02-22,2024-02-28 23:00:00,168,46.61904761904762,68.30000000000001,83.0,10.696375312879113,0.7936507936507936,33.66145736040913,47.83288560649397,0.8154761904761905,35.4049669305063,47.87327676225779,False,1.0898837846009002,0.015476190476190421
20,2024-03-02,2024-03-08 23:00:00,168,55.142857142857146,77.0,86.0,10.37900620335876,0.7777777777777778,33.19654152390751,49.56155937338994,0.7916666666666666,34.94005109400467,49.4162149501028,False,0.45305440324410995,0.008333333333333415
21,2024-03-03,2024-03-09 23:00:00,168,54.75595238095238,75.0,86.0,10.876337096206118,0.7738095238095238,33.62217908178427,50.456938143251286,0.7857142857142857,35.36568865188143,50.25283852853607,False,1.2896779816773787,0.014285714285714346
22,2024-03-04,2024-03-10 23:00:00,168,53.017857142857146,74.30000000000001,86.0,10.816200085001782,0.7837301587301587,33.946547198672974,49.71088072384835,0.8015873015873016,35.69005676877015,49.57711169085947,False,0.6139511440007794,0.0015873015873015817
23,2024-03-05,2024-03-11 23:00:00,168,53.529761904761905,74.0,86.0,10.165002463418068,0.8095238095238095,34.04567613335305,46.78349249096661,0.8293650793650794,35.78918570345021,46.8754948840041,False,2.08766566285459,0.029365079365079372
24,2024-03-06,2024-03-12 23:00:00,168,56.55357142857143,74.0,86.0,9.733318156397928,0.8174603174603174,33.5400419082817,44.418449328518015,0.8373015873015873,35.28355147837887,44.578392643114775,False,4.384767903743914,0.03730158730158728
25,2024-03-07,2024-03-13 23:00:00,168,54.398809523809526,75.30000000000001,86.0,10.085960022035751,0.8134920634920635,33.69491649286554,45.073236759750195,0.8373015873015873,35.438426062962705,45.25165977209749,False,3.7115007747611983,0.03730158730158728
26,2024-03-08,2024-03-14 23:00:00,168,54.42857142857143,78.30000000000001,94.0,10.623992030963922,0.7976190476190477,33.95135827565937,45.68543657661573,0.8234126984126984,35.69486784575654,45.787273637290994,False,3.1758869095676943,0.02341269841269833
27,2024-03-09,2024-03-15 23:00:00,168,53.333333333333336,76.0,94.0,10.702763069101861,0.8174603174603174,34.60343640503278,45.734123890159495,0.8412698412698413,36.34694597512995,46.018075885760155,False,2.9450846610985337,0.041269841269841234
28,2024-03-10,2024-03-16 23:00:00,168,51.083333333333336,81.30000000000001,96.0,11.58409530466623,0.7916666666666666,34.81389623710406,49.54032338392218,0.8174603174603174,36.55740580720122,49.64475018528881,False,0.6815896384301183,0.0174603174603174
29,2024-03-11,2024-03-17 23:00:00,168,49.779761904761905,84.0,96.0,12.690985824824251,0.7817460317460317,35.82936506472429,53.07093099873294,0.8015873015873016,37.57287463482146,53.043936061907765,False,4.080775515049076,0.0015873015873015817
30,2024-03-20,2024-03-26 23:00:00,168,51.11309523809524,74.0,102.0,12.001691073084336,0.746031746031746,35.3862964324761,50.53567441812689,0.7777777777777778,37.12980600257327,50.164228892381296,False,1.2010683455226072,0.022222222222222254
31,2024-03-21,2024-03-27 23:00:00,168,52.93452380952381,73.30000000000001,102.0,11.157491781752906,0.7718253968253969,34.654487783885536,47.1309506220215,0.8075396825396826,36.3979973539827,47.01372578096336,False,1.949434765895326,0.007539682539682513
32,2024-03-22,2024-03-28 23:00:00,168,54.80952380952381,73.30000000000001,102.0,10.745654645145056,0.751984126984127,33.73543662156445,46.48989916110966,0.7896825396825397,35.47894619166162,46.18005387496652,False,2.7831066718921704,0.010317460317460392
33,2024-03-23,2024-03-29 23:00:00,168,60.63095238095238,76.30000000000001,102.0,10.282441000839732,0.746031746031746,32.87794831143872,43.57765545871663,0.7857142857142857,34.62145788153588,43.20885672515122,False,5.754303821707467,0.014285714285714346
34,2024-03-24,2024-03-30 23:00:00,168,64.01190476190476,80.0,93.0,9.373538697234899,0.7619047619047619,31.69689085175736,40.45069911115214,0.8015873015873016,33.44040042185453,40.2553799212514,False,8.707780625607292,0.0015873015873015817
35,2024-04-17,2024-04-23 23:00:00,168,69.60714285714286,85.30000000000001,100.0,8.711628738445464,0.7857142857142857,31.550298165505225,41.83787310941439,0.8115079365079365,33.29380773560239,41.767989153903315,False,7.195171392955373,0.011507936507936467
36,2024-04-18,2024-04-24 23:00:00,168,69.4047619047619,87.30000000000001,100.0,8.671189942550798,0.7896825396825397,31.50690607871372,41.91193737670465,0.8115079365079365,33.250415648810886,41.86416371935593,True,7.098996827502759,0.011507936507936467
37,2024-04-19,2024-04-25 23:00:00,168,69.33333333333333,87.30000000000001,100.0,8.838090577865492,0.7956349206349206,31.58683370717887,42.35423952334884,0.8154761904761905,33.330343277276036,42.306111400616075,True,6.657049146242613,0.015476190476190421
38,2024-04-20,2024-04-26 23:00:00,168,68.26190476190476,85.30000000000001,100.0,8.687709769707197,0.8115079365079365,31.784661385327077,42.503273777884154,0.8253968253968254,33.52817095542424,42.622824531725435,False,6.3403360151332535,0.025396825396825307
39,2024-04-21,2024-04-27 23:00:00,168,69.25,89.0,101.0,9.78154906737666,0.7738095238095238,31.86485221794821,50.301827267250395,0.7857142857142857,33.60836178804538,50.034502886470364,True,1.0713423396116752,0.014285714285714346
40,2024-04-22,2024-04-28 23:00:00,168,68.33333333333333,89.0,101.0,10.384218433241577,0.7440476190476191,32.08696668611729,53.06270087698008,0.7579365079365079,33.83047625621446,52.51613993107524,True,3.552979384216549,0.042063492063492136
41,2024-04-23,2024-04-29 23:00:00,168,67.19047619047619,89.0,101.0,11.295937618764004,0.7123015873015873,32.3785716447292,55.556832204575166,0.7281746031746031,34.12208121482636,54.6687574758322,True,5.705596928973513,0.0718253968253969
42,2024-04-24,2024-04-30 23:00:00,168,66.29166666666667,89.30000000000001,101.0,11.897445918431567,0.7023809523809523,32.77975887692953,57.34433757191526,0.7182539682539683,34.52326844702669,56.34598498830352,True,7.382824441444832,0.08174603174603179
43,2024-04-25,2024-05-01 23:00:00,168,63.666666666666664,87.30000000000001,101.0,12.541035323506083,0.6964285714285714,33.34415632410881,58.58286050525018,0.7182539682539683,35.08766589420597,57.58544680355506,True,8.62228625669637,0.08174603174603179
44,2024-04-26,2024-05-02 23:00:00,168,63.767857142857146,87.30000000000001,101.0,12.557563022529306,0.6944444444444444,33.2903602365581,58.24775797847324,0.7242063492063492,35.03386980665526,57.35352104020283,True,8.39036049334414,0.07579365079365086
45,2024-05-05,2024-05-11 23:00:00,168,64.82142857142857,89.30000000000001,110.0,11.570268993729975,0.753968253968254,33.14816060013624,52.85640604058443,0.7777777777777778,34.891670170233404,52.537659878751136,True,3.574499331892447,0.022222222222222254
46,2024-05-06,2024-05-12 23:00:00,168,62.92261904761905,89.0,110.0,11.962109730393923,0.7579365079365079,33.25455573912055,55.78660993273971,0.7797619047619048,34.998065309217715,55.52542751010676,True,6.562266963248071,0.020238095238095277
47,2024-05-07,2024-05-13 23:00:00,168,62.904761904761905,91.0,110.0,12.437615894897345,0.7242063492063492,33.32196260719591,59.565231509923315,0.7440476190476191,35.065472177293074,58.94778820291713,True,9.984627656058443,0.055952380952380976
48,2024-05-08,2024-05-14 23:00:00,168,63.142857142857146,92.30000000000001,110.0,13.45675807837632,0.6845238095238095,33.74348169264347,66.10659337497526,0.7003968253968254,35.48699126274064,65.09058886360782,True,16.127428316749132,0.0996031746031747
49,2024-05-09,2024-05-15 23:00:00,168,60.714285714285715,92.30000000000001,110.0,13.904527392087706,0.6626984126984127,34.14729747963364,67.74515011568953,0.6765873015873016,35.8908070497308,66.54199765593172,True,17.578837109073035,0.12341269841269842
50,2024-05-10,2024-05-16 23:00:00,168,57.63095238095238,91.0,100.0,12.691130565711406,0.7063492063492064,34.19639448188953,62.25872652088385,0.7202380952380952,35.9399040519867,61.48502161700933,True,12.521861070150642,0.07976190476190481
51,2024-05-19,2024-05-25 23:00:00,168,62.910714285714285,79.0,97.0,8.231451046431717,0.8194444444444444,29.736479277614258,40.09107127092799,0.8412698412698413,31.479988847711425,40.44376728767372,False,8.519393259184966,0.041269841269841234
52,2024-05-20,2024-05-26 23:00:00,168,63.80357142857143,79.30000000000001,97.0,8.40896043618491,0.8134920634920635,29.81592350939249,40.2938786620345,0.8392857142857143,31.55943307948966,40.61552630694701,False,8.347634239911677,0.03928571428571426
53,2024-05-21,2024-05-27 23:00:00,168,63.345238095238095,78.30000000000001,97.0,7.783501989351493,0.8452380952380952,29.834453996642697,38.063636547065876,0.8630952380952381,31.577963566739864,38.5947537984296,False,10.368406748429088,0.0630952380952381
54,2024-05-22,2024-05-28 23:00:00,168,61.36309523809524,78.0,97.0,7.854196100128393,0.8432539682539683,29.6267291082614,38.33763551592723,0.8591269841269841,31.37023867835856,38.8337950712184,False,10.129365475640292,0.05912698412698403
55,2024-05-23,2024-05-29 23:00:00,168,59.01190476190476,76.30000000000001,97.0,7.300743433665966,0.8869047619047619,29.952889397593285,35.98166592740001,0.9027777777777778,31.69639896769045,36.797038696374166,False,12.166121850484522,0.10277777777777775
56,2024-05-24,2024-05-30 23:00:00,168,59.232142857142854,76.30000000000001,97.0,7.9260869762354185,0.8492063492063492,29.973443526413373,37.68692492008824,0.8690476190476191,31.716953096510537,38.18822243016576,False,10.77493811669293,0.06904761904761902
57,2024-06-08,2024-06-14 23:00:00,168,55.20238095238095,85.30000000000001,96.0,10.201553831763592,0.7797619047619048,31.300226468128606,46.29800541827919,0.8095238095238095,33.04373603822577,46.18913824750302,False,2.7740222993556714,0.00952380952380949
58,2024-06-09,2024-06-15 23:00:00,168,51.32738095238095,76.30000000000001,96.0,9.479028881088302,0.8134920634920635,30.971825767599913,43.36202135141823,0.8333333333333334,32.71533533769708,43.54417362792197,False,5.418986918936717,0.033333333333333326
59,2024-06-10,2024-06-16 23:00:00,168,48.208333333333336,72.0,81.0,8.748236283032142,0.8432539682539683,31.09422946295732,40.79051305601845,0.8591269841269841,32.837739033054476,41.1804488340811,False,7.782711712777591,0.05912698412698403
60,2024-06-11,2024-06-17 23:00:00,168,49.142857142857146,73.0,81.0,8.494260169142787,0.8412698412698413,30.673873288548247,39.597119845721835,0.8630952380952381,32.41738285864542,40.033348320176046,False,8.929812226682643,0.0630952380952381
61,2024-06-20,2024-06-26 23:00:00,168,59.482142857142854,79.60000000000002,107.0,9.615971805389542,0.7777777777777778,29.698308095135346,47.6317473058083,0.8055555555555556,31.441817665232513,47.61698048198316,False,1.3461800648755258,0.005555555555555536
62,2024-06-21,2024-06-27 23:00:00,168,59.273809523809526,85.30000000000001,107.0,9.331261019107904,0.7876984126984127,29.886833758372354,44.950903755273444,0.8194444444444444,31.63034332846952,45.03050334326143,False,3.932657203597259,0.019444444444444375
63,2024-06-22,2024-06-28 23:00:00,168,58.07738095238095,85.60000000000002,100.0,9.946922673422572,0.7797619047619048,30.512882850472366,45.312839469427686,0.8115079365079365,32.25639242056953,45.332336326310205,False,3.630824220548483,0.011507936507936467
64,2024-06-23,2024-06-29 23:00:00,168,58.529761904761905,86.0,101.0,10.280339792655626,0.7797619047619048,30.808856447434124,45.59731382618213,0.8174603174603174,32.55236601753129,45.576311023560635,True,3.3868495232980536,0.0174603174603174
65,2024-06-24,2024-06-30 23:00:00,168,61.041666666666664,86.0,101.0,9.05090568408487,0.8253968253968254,30.38795011560657,40.02200915585782,0.8630952380952381,32.13145968570374,40.34363468409203,True,8.619525862766658,0.0630952380952381
66,2024-06-25,2024-07-01 23:00:00,168,58.92857142857143,86.0,101.0,10.402071890796014,0.7777777777777778,30.717361853942577,47.67657930462764,0.8154761904761905,32.460871424039745,47.586106992130134,True,1.3770535547285547,0.015476190476190421
67,2024-06-26,2024-07-02 23:00:00,168,57.11309523809524,86.0,101.0,10.959749334938158,0.7599206349206349,30.936736335986808,49.07664373934549,0.8015873015873016,32.680245906083975,48.87515465659308,True,0.08800589026560601,0.0015873015873015817
68,2024-06-27,2024-07-03 23:00:00,168,56.166666666666664,88.0,101.0,11.218957160212577,0.7559523809523809,31.14153338829965,52.342987974832646,0.7876984126984127,32.88504295839682,52.05542553948536,True,3.0922649926266743,0.012301587301587369
69,2024-07-06,2024-07-12 23:00:00,168,48.398809523809526,70.0,83.0,6.387465031848469,0.9166666666666666,29.463718037714756,32.889450929196556,0.9345238095238095,31.207227607811927,34.0027383191999,False,14.960422227658789,0.1345238095238095
70,2024-07-07,2024-07-13 23:00:00,168,47.48809523809524,66.0,74.0,6.159020185808856,0.9206349206349206,29.52239058690351,33.12230053796443,0.9384920634920635,31.265900157000676,34.250191264357696,False,14.712969282500993,0.13849206349206344
71,2024-07-08,2024-07-14 23:00:00,168,48.273809523809526,67.0,75.0,5.863952228037968,0.9246031746031746,28.974124201044365,32.56429843898595,0.9404761904761905,30.717633771141532,33.69389085720872,False,15.269269689649967,0.14047619047619042
72,2024-07-09,2024-07-15 23:00:00,168,48.017857142857146,67.0,75.0,6.026088111399688,0.9226190476190477,28.930818720738824,32.51400682621199,0.9404761904761905,30.674328290835987,33.62982054953487,False,15.333339997323819,0.14047619047619042
73,2024-07-10,2024-07-16 23:00:00,168,48.345238095238095,67.0,75.0,6.66861230983461,0.8869047619047619,28.784638569531328,34.35784718699968,0.9087301587301587,30.528148139628485,35.11354977597272,False,13.849610770885967,0.10873015873015868
74,2024-07-11,2024-07-17 23:00:00,168,48.38690476190476,67.30000000000001,93.0,7.3228737240371595,0.8531746031746031,28.891140402703737,37.2552380307012,0.8809523809523809,30.6346499728009,37.758504801089316,False,11.204655745769372,0.08095238095238089
75,2024-08-04,2024-08-10 23:00:00,168,65.0297619047619,89.90000000000003,120.0,10.341666392770582,0.7420634920634921,30.615886159934064,44.669646421126444,0.7658730158730159,32.35939573003123,44.324616601738384,True,4.638543945120304,0.03412698412698412
76,2024-08-05,2024-08-11 23:00:00,168,66.68452380952381,92.30000000000001,120.0,10.66986746965201,0.7361111111111112,30.686345909647617,48.15529323816961,0.7559523809523809,32.42985547974479,47.711392598952514,True,1.251767947906174,0.04404761904761911
77,2024-08-06,2024-08-12 23:00:00,168,66.25,92.30000000000001,120.0,10.717776920606763,0.7301587301587301,30.39391725770013,48.00902366398186,0.7579365079365079,32.13742682779729,47.54004601489985,True,1.4231145319588379,0.042063492063492136
78,2024-08-07,2024-08-13 23:00:00,168,66.00595238095238,93.60000000000002,120.0,11.055052485582289,0.7380952380952381,30.341596250228044,49.92439897903261,0.7658730158730159,32.08510582032521,49.486835618846676,True,0.5236750719879879,0.03412698412698412
79,2024-08-08,2024-08-14 23:00:00,168,68.98809523809524,95.30000000000001,120.0,11.559122602498727,0.7083333333333334,30.124825460242175,52.5466879319684,0.7400793650793651,31.86833503033934,51.9000942009101,True,2.9369336540514084,0.05992063492063493
80,2024-08-09,2024-08-15 23:00:00,168,69.86309523809524,95.30000000000001,120.0,11.522174445461182,0.7083333333333334,30.192584036463582,52.43158936887275,0.7440476190476191,31.93609360656075,51.80905614952202,True,2.845895602663333,0.055952380952380976
81,2024-08-10,2024-08-16 23:00:00,168,70.21428571428571,95.0,120.0,10.54494931777544,0.746031746031746,29.91878472786699,49.36882110368965,0.7757936507936508,31.66229429796415,49.051166437124294,True,0.08800589026560601,0.02420634920634923
82,2024-08-11,2024-08-17 23:00:00,168,70.25595238095238,93.0,103.0,9.68850845472917,0.7579365079365079,28.8857704796757,45.91243549125865,0.7876984126984127,30.629280049772863,45.667547468755735,True,3.295613078102953,0.012301587301587369
83,2024-08-12,2024-08-18 23:00:00,168,67.51785714285714,89.0,103.0,10.004464328980726,0.7361111111111112,28.697021571977192,46.511127676318914,0.7718253968253969,30.440531142074356,46.10595865999751,True,2.8572018868611764,0.028174603174603186
84,2024-08-13,2024-08-19 23:00:00,168,64.85119047619048,89.0,103.0,10.139982622452345,0.7380952380952381,29.022831424782275,47.145136960498334,0.7658730158730159,30.76634099487944,46.72490029098879,True,2.2382602558698963,0.03412698412698412
85,2024-08-22,2024-08-28 23:00:00,168,69.64285714285714,90.30000000000001,101.0,8.703976675841027,0.7619047619047619,27.227131312957383,37.673845932778846,0.8035714285714286,28.970640883054546,37.56372912660428,True,11.399431420254409,0.0035714285714285587
86,2024-08-23,2024-08-29 23:00:00,168,69.86309523809524,91.0,101.0,9.453988706288584,0.7440476190476191,27.13182807693907,43.89843093682983,0.7797619047619048,28.87533764703624,43.58539323627978,True,5.3777673105789106,0.020238095238095277
87,2024-08-24,2024-08-30 23:00:00,168,66.06547619047619,87.30000000000001,101.0,9.848494385396588,0.7380952380952381,27.542493257230277,46.40822329569942,0.7738095238095238,29.286002827327444,46.012023514770526,True,2.9511370320881625,0.02619047619047621
88,2024-08-25,2024-08-31 23:00:00,168,64.83928571428571,88.0,99.0,9.555392110227142,0.753968253968254,27.911417025924237,47.246605886795884,0.7738095238095238,29.6549265960214,46.902801658054656,True,2.060358888804032,0.02619047619047621
89,2024-08-26,2024-09-01 23:00:00,168,66.05952380952381,91.0,99.0,10.202268634608334,0.7242063492063492,28.05185414452706,47.63659349662794,0.75,29.795363714624223,47.04938995359522,True,1.9137705932634717,0.050000000000000044
90,2024-09-04,2024-09-10 23:00:00,168,58.30952380952381,81.30000000000001,101.0,10.727515288965158,0.6964285714285714,29.099137547966404,49.71760990366077,0.7242063492063492,30.842647118063567,48.873552524824895,False,0.08960802203379359,0.07579365079365086
91,2024-09-05,2024-09-11 23:00:00,168,61.351190476190474,81.30000000000001,101.0,10.322587736816514,0.7003968253968254,28.42928514919885,48.81813044739345,0.7281746031746031,30.172794719296018,48.04406935378368,False,0.9190911930750119,0.0718253968253969
92,2024-09-06,2024-09-12 23:00:00,168,60.273809523809526,81.30000000000001,101.0,10.898576247612118,0.6746031746031746,28.373185971084148,49.801802925527646,0.7063492063492064,30.11669554118131,48.825152384805705,False,0.1380081620529836,0.09365079365079365
93,2024-09-07,2024-09-13 23:00:00,168,59.041666666666664,82.30000000000001,101.0,11.24597966853086,0.6626984126984127,28.682189763501075,52.8783808633301,0.6884920634920635,30.425699333598235,51.7323444499003,False,2.7691839030416148,0.11150793650793656
94,2024-09-08,2024-09-14 23:00:00,168,58.660714285714285,81.0,101.0,10.954060107227935,0.6746031746031746,28.93045431871518,52.68904580847944,0.7003968253968254,30.67396388881234,51.68766926459372,False,2.7245087177350342,0.0996031746031747
95,2024-09-09,2024-09-15 23:00:00,168,58.273809523809526,83.30000000000001,101.0,11.377166446327676,0.6686507936507936,29.274959195509446,52.70820868066696,0.6924603174603174,31.018468765606613,51.71219299317032,False,2.749032446311631,0.1075396825396826
96,2024-09-10,2024-09-16 23:00:00,168,57.13690476190476,84.60000000000002,101.0,11.813622830502338,0.6706349206349206,30.01577257036209,55.78412812960701,0.6984126984126984,31.759282140459256,54.81779427819592,False,5.8546337313372305,0.10158730158730167
97,2024-09-19,2024-09-25 23:00:00,168,57.148809523809526,85.0,119.0,12.618686390251707,0.6924603174603174,31.368495805222988,60.51897507423077,0.7182539682539683,33.11200537532015,59.71960017318709,False,10.756439626328401,0.08174603174603179
98,2024-09-20,2024-09-26 23:00:00,168,58.32142857142857,85.0,119.0,13.291086266559004,0.6706349206349206,31.570502289208342,63.76088897876284,0.7003968253968254,33.31401185930551,62.821103127349176,False,13.857942580490487,0.0996031746031747
99,2024-09-21,2024-09-27 23:00:00,168,60.232142857142854,85.0,119.0,13.078926864894807,0.6785714285714286,31.4581665235274,62.81895454749505,0.7142857142857143,33.20167609362456,62.002284881512914,False,13.039124334654225,0.08571428571428574
100,2024-09-22,2024-09-28 23:00:00,168,59.904761904761905,84.0,119.0,12.633450631221121,0.7063492063492064,31.17692297720832,60.55410702583425,0.7361111111111112,32.92043254730549,59.940757615946424,False,10.977597069087736,0.06388888888888888
101,2024-09-23,2024-09-29 23:00:00,168,62.31547619047619,84.0,119.0,12.153616230235532,0.7202380952380952,30.626456231837654,55.07965421624721,0.751984126984127,32.369965801934825,54.63919980824604,False,5.676039261387352,0.04801587301587307
102,2024-09-24,2024-09-30 23:00:00,168,62.654761904761905,84.0,119.0,11.302046141225068,0.7420634920634921,30.117998061429248,50.43478277768997,0.7738095238095238,31.861507631526415,50.20642090470018,False,1.2432603578414927,0.02619047619047621
103,2024-09-25,2024-10-01 23:00:00,168,60.785714285714285,82.30000000000001,98.0,10.416406645250852,0.7777777777777778,30.002134322754113,43.97952106519147,0.8115079365079365,31.745643892851284,44.011820351345776,False,4.951340195512913,0.011507936507936467
104,2024-10-18,2024-10-24 23:00:00,168,38.464285714285715,60.0,70.0,9.943431218985426,0.8095238095238095,31.747507231632902,41.38244999133594,0.8253968253968254,33.49101680173007,41.57006410726033,False,7.393096439598359,0.025396825396825307
105,2024-10-19,2024-10-25 23:00:00,168,37.023809523809526,60.0,70.0,9.807668141043584,0.8194444444444444,32.10125839202689,41.28003143048036,0.8432539682539683,33.84476796212405,41.566557938923374,False,7.396602607935314,0.04325396825396821
106,2024-10-20,2024-10-26 23:00:00,168,36.857142857142854,60.0,70.0,9.942134197251791,0.8194444444444444,32.60746108199014,41.349908936865596,0.8492063492063492,34.3509706520873,41.68584356563466,False,7.2773169812240255,0.04920634920634914
107,2024-11-06,2024-11-12 23:00:00,168,34.11904761904762,56.0,68.0,9.951294547528535,0.8095238095238095,32.48184551374204,41.078329079201076,0.8313492063492064,34.225355083839204,41.20041721837766,False,7.762743328481029,0.03134920634920635
108,2024-11-07,2024-11-13 23:00:00,168,34.42261904761905,54.60000000000002,68.0,10.043582226706189,0.8154761904761905,32.33638100097663,41.35396276534029,0.8373015873015873,34.079890571073804,41.519692912979416,False,7.443467633879273,0.03730158730158728
109,2024-11-08,2024-11-14 23:00:00,168,32.041666666666664,52.0,66.0,9.596220675741497,0.8452380952380952,32.38179591856463,39.566330846603876,0.873015873015873,34.125305488661795,39.99593105774131,False,8.96722948911738,0.07301587301587298
110,2024-11-09,2024-11-15 23:00:00,168,30.214285714285715,49.0,66.0,9.610478177834858,0.8492063492063492,32.12656317082105,38.738733004340546,0.8829365079365079,33.87007274091821,39.19214196695854,False,9.77101857990015,0.08293650793650786
111,2024-11-10,2024-11-16 23:00:00,168,30.261904761904763,50.0,77.0,10.190482335676116,0.8293650793650794,31.936906640927468,42.10624794838743,0.8630952380952381,33.680416211024635,42.439736997616485,False,6.523423549242203,0.0630952380952381
112,2024-11-11,2024-11-17 23:00:00,168,30.178571428571427,50.0,77.0,10.525274831395537,0.8214285714285714,32.12221907324165,42.7462598056855,0.8551587301587301,33.86572864333881,43.058906294105924,False,5.904254252752764,0.055158730158730074
113,2024-11-20,2024-11-26 23:00:00,168,36.92261904761905,61.30000000000001,73.0,12.444477938756805,0.7222222222222222,31.23022363717934,49.94739010762385,0.753968253968254,32.973733207276496,49.303728380721374,False,0.34056783386268563,0.04603174603174609
114,2024-11-21,2024-11-27 23:00:00,168,36.833333333333336,61.30000000000001,73.0,11.945778156768043,0.75,31.815079136472207,48.42362710573886,0.7817460317460317,33.558588706569374,48.05257255548979,False,0.9105879913688995,0.0182539682539683
115,2024-11-22,2024-11-28 23:00:00,168,33.17857142857143,61.30000000000001,73.0,11.317038155430229,0.7797619047619048,31.823980556214543,46.32126418783086,0.8174603174603174,33.56749012631171,46.299496919974025,False,2.663663626884663,0.0174603174603174
116,2024-12-05,2024-12-11 23:00:00,168,31.19047619047619,68.0,77.0,10.816511992090192,0.7261904761904762,29.646867017423048,51.43776713136789,0.7738095238095238,31.39037658752021,50.97089359958266,False,2.007733052723971,0.02619047619047621
117,2024-12-06,2024-12-12 23:00:00,168,31.035714285714285,68.0,77.0,10.606970877469008,0.7341269841269841,29.466831309344443,49.11690487628489,0.7837301587301587,31.210340879441613,48.69213991233641,False,0.2710206345222801,0.016269841269841323
118,2024-12-07,2024-12-13 23:00:00,168,31.910714285714285,68.0,77.0,10.76458313300405,0.751984126984127,29.75366652914596,50.46647907300948,0.7916666666666666,31.49717609924313,50.18152152944961,False,1.218360982590923,0.008333333333333415
119,2024-12-08,2024-12-14 23:00:00,168,30.946428571428573,63.30000000000001,77.0,9.40941715423643,0.8174603174603174,30.27298186003944,43.265528140673695,0.8511904761904762,32.01649143013661,43.53807460847551,False,5.425085938383177,0.05119047619047612
120,2024-12-09,2024-12-15 23:00:00,168,24.982142857142858,42.0,63.0,8.514862293173707,0.8333333333333334,30.226029606424067,37.15089484513965,0.875,31.96953917652123,37.54853962394398,False,11.414620922914708,0.07499999999999996
121,2024-12-10,2024-12-16 23:00:00,168,24.916666666666668,41.0,63.0,8.524405268517024,0.8333333333333334,29.826988620026448,37.2305049649069,0.873015873015873,31.570498190123615,37.638816593146025,False,11.324343953712663,0.07301587301587298
122,2024-12-11,2024-12-17 23:00:00,168,26.982142857142858,43.0,68.0,9.277438420683692,0.8055555555555556,29.805514900637952,39.25466967219766,0.8492063492063492,31.549024470735116,39.42907099273854,False,9.53408955412015,0.04920634920634914
123,2024-12-12,2024-12-18 23:00:00,168,27.476190476190474,44.0,68.0,10.370123041555322,0.746031746031746,30.277608185501816,42.88635607371523,0.8115079365079365,32.02111775559898,42.679266804507776,False,6.283893742350912,0.011507936507936467
124,2024-12-21,2024-12-27 23:00:00,168,29.672619047619047,58.30000000000001,77.0,11.069876016174822,0.6587301587301587,29.2271792114435,49.369748733910704,0.7242063492063492,30.970688781540666,48.44524224338209,False,0.5179183034765984,0.07579365079365086
125,2024-12-22,2024-12-28 23:00:00,168,25.595238095238095,58.30000000000001,77.0,10.774084003913906,0.6190476190476191,28.061277400385826,48.009750211803095,0.7242063492063492,29.804786970482994,47.01724496081151,False,1.9459155860471782,0.07579365079365086
126,2024-12-23,2024-12-29 23:00:00,168,18.446428571428573,50.30000000000001,77.0,10.274665950209906,0.6091269841269841,27.17647884809812,44.08390779899316,0.748015873015873,28.919988418195288,43.26680255613411,False,5.696357990724579,0.05198412698412702
127,2024-12-24,2024-12-30 23:00:00,168,13.821428571428571,43.30000000000001,65.0,8.73249062527845,0.6448412698412699,25.87139622792994,36.98049397997888,0.7976190476190477,27.614905798027106,36.51119811401947,False,12.451962432839217,0.0023809523809523725
128,2024-12-25,2024-12-31 23:00:00,168,12.035714285714286,39.30000000000001,58.0,7.5220967313594285,0.6884920634920635,24.44840614074888,31.614507720282113,0.8531746031746031,26.191915710846043,31.604274913499903,False,17.358885633358785,0.0531746031746031
