start_timestamp,end_timestamp,length_hours
2020-01-15 15:00:00,2020-01-15 15:00:00,1
2020-01-30 10:00:00,2020-01-30 12:00:00,3
2020-02-12 12:00:00,2020-02-12 15:00:00,4
2020-02-26 15:00:00,2020-02-26 15:00:00,1
2020-03-02 11:00:00,2020-03-02 11:00:00,1
2020-03-02 14:00:00,2020-03-02 16:00:00,3
2020-03-09 13:00:00,2020-03-09 13:00:00,1
2020-03-29 01:00:00,2020-03-29 01:00:00,1
2020-04-06 10:00:00,2020-04-06 11:00:00,2
2020-04-22 15:00:00,2020-04-22 15:00:00,1
2020-04-30 02:00:00,2020-04-30 09:00:00,8
2020-05-06 11:00:00,2020-05-06 11:00:00,1
2020-05-21 15:00:00,2020-05-21 15:00:00,1
2020-06-02 14:00:00,2020-06-02 14:00:00,1
2020-06-03 10:00:00,2020-06-03 11:00:00,2
2020-06-17 12:00:00,2020-06-17 13:00:00,2
2020-07-01 14:00:00,2020-07-01 14:00:00,1
2020-07-14 14:00:00,2020-07-14 15:00:00,2
2020-07-28 12:00:00,2020-07-28 14:00:00,3
2020-08-11 15:00:00,2020-08-11 15:00:00,1
2020-08-27 16:00:00,2020-08-27 16:00:00,1
2020-09-14 14:00:00,2020-09-14 14:00:00,1
2020-09-25 11:00:00,2020-09-25 12:00:00,2
2020-10-08 14:00:00,2020-10-08 15:00:00,2
2020-10-25 02:00:00,2020-10-25 02:00:00,1
2020-10-26 10:00:00,2020-10-26 13:00:00,4
2020-11-06 10:00:00,2020-11-06 13:00:00,4
2020-11-14 08:00:00,2020-11-16 10:00:00,51
2020-11-16 12:00:00,2020-11-16 12:00:00,1
2020-11-20 10:00:00,2020-11-20 12:00:00,3
2020-12-01 11:00:00,2020-12-01 12:00:00,2
2020-12-03 08:00:00,2020-12-03 08:00:00,1
2020-12-03 13:00:00,2020-12-03 13:00:00,1
2020-12-18 10:00:00,2020-12-18 12:00:00,3
2021-01-07 15:00:00,2021-01-07 15:00:00,1
2021-01-18 15:00:00,2021-01-18 15:00:00,1
2021-01-29 05:00:00,2021-02-01 21:00:00,89
2021-02-18 12:00:00,2021-02-18 12:00:00,1
2021-03-02 10:00:00,2021-03-02 12:00:00,3
2021-03-16 12:00:00,2021-03-16 15:00:00,4
2021-03-28 01:00:00,2021-03-28 01:00:00,1
2021-04-08 10:00:00,2021-04-09 11:00:00,26
2021-04-12 13:00:00,2021-04-12 13:00:00,1
2021-04-13 10:00:00,2021-04-13 10:00:00,1
2021-04-20 14:00:00,2021-04-20 15:00:00,2
2021-05-03 12:00:00,2021-05-03 13:00:00,2
2021-05-17 10:00:00,2021-05-17 13:00:00,4
2021-05-20 10:00:00,2021-05-20 12:00:00,3
2021-05-21 10:00:00,2021-05-21 11:00:00,2
2021-05-25 11:00:00,2021-05-26 13:00:00,27
2021-05-29 18:00:00,2021-05-30 13:00:00,20
2021-05-30 15:00:00,2021-05-31 11:00:00,21
2021-05-31 23:00:00,2021-05-31 23:00:00,1
2021-06-03 16:00:00,2021-06-03 16:00:00,1
2021-06-16 10:00:00,2021-06-16 12:00:00,3
2021-07-05 12:00:00,2021-07-05 12:00:00,1
2021-07-13 12:00:00,2021-07-13 15:00:00,4
2021-07-14 00:00:00,2021-07-14 02:00:00,3
2021-07-14 23:00:00,2021-07-16 10:00:00,36
2021-08-04 11:00:00,2021-08-04 12:00:00,2
2021-08-17 10:00:00,2021-08-17 11:00:00,2
2021-09-01 13:00:00,2021-09-01 13:00:00,1
2021-09-16 12:00:00,2021-09-16 13:00:00,2
2021-10-05 13:00:00,2021-10-05 14:00:00,2
2021-10-20 12:00:00,2021-10-20 12:00:00,1
2021-10-31 02:00:00,2021-10-31 02:00:00,1
2021-11-05 10:00:00,2021-11-05 12:00:00,3
2021-11-17 13:00:00,2021-11-17 15:00:00,3
2021-12-02 11:00:00,2021-12-02 14:00:00,4
2021-12-22 12:00:00,2021-12-22 14:00:00,3
2022-01-04 12:00:00,2022-01-04 12:00:00,1
2022-01-19 14:00:00,2022-01-19 14:00:00,1
2022-02-01 11:00:00,2022-02-01 11:00:00,1
2022-02-16 14:00:00,2022-02-16 14:00:00,1
2022-03-02 11:00:00,2022-03-02 12:00:00,2
2022-03-16 13:00:00,2022-03-16 14:00:00,2
2022-03-27 01:00:00,2022-03-27 01:00:00,1
2022-03-31 14:00:00,2022-03-31 14:00:00,1
2022-04-08 03:00:00,2022-04-11 10:00:00,80
2022-04-21 12:00:00,2022-04-21 13:00:00,2
2022-04-30 10:00:00,2022-05-02 14:00:00,53
2022-05-04 11:00:00,2022-05-05 13:00:00,27
2022-05-18 11:00:00,2022-05-18 12:00:00,2
2022-05-20 11:00:00,2022-05-20 17:00:00,7
2022-05-25 02:00:00,2022-05-25 02:00:00,1
2022-06-02 10:00:00,2022-06-02 10:00:00,1
2022-06-02 12:00:00,2022-06-02 12:00:00,1
2022-06-13 10:00:00,2022-06-13 11:00:00,2
2022-06-14 11:00:00,2022-06-14 11:00:00,1
2022-06-15 12:00:00,2022-06-15 15:00:00,4
2022-06-16 10:00:00,2022-06-16 14:00:00,5
2022-06-17 11:00:00,2022-06-17 11:00:00,1
2022-07-05 10:00:00,2022-07-05 10:00:00,1
2022-07-05 12:00:00,2022-07-05 12:00:00,1
2022-07-18 12:00:00,2022-07-18 13:00:00,2
2022-08-03 11:00:00,2022-08-03 11:00:00,1
2022-08-03 14:00:00,2022-08-03 14:00:00,1
2022-08-22 13:00:00,2022-08-22 14:00:00,2
2022-09-06 13:00:00,2022-09-06 14:00:00,2
2022-09-11 16:00:00,2022-09-13 12:00:00,45
2022-09-19 12:00:00,2022-09-19 13:00:00,2
2022-09-29 11:00:00,2022-09-29 12:00:00,2
2022-10-24 12:00:00,2022-10-24 13:00:00,2
2022-10-24 15:00:00,2022-10-24 15:00:00,1
2022-10-30 02:00:00,2022-10-30 02:00:00,1
2022-11-03 10:00:00,2022-11-03 11:00:00,2
2022-11-03 17:00:00,2022-11-08 10:00:00,114
2022-11-16 10:00:00,2022-11-16 11:00:00,2
2022-12-01 14:00:00,2022-12-01 16:00:00,3
2022-12-20 12:00:00,2022-12-20 15:00:00,4
2022-12-30 09:00:00,2022-12-30 11:00:00,3
2023-01-17 13:00:00,2023-01-17 16:00:00,4
2023-02-01 10:00:00,2023-02-01 14:00:00,5
2023-02-06 11:00:00,2023-02-06 11:00:00,1
2023-02-17 11:00:00,2023-02-17 12:00:00,2
2023-03-01 12:00:00,2023-03-01 13:00:00,2
2023-03-15 10:00:00,2023-03-15 12:00:00,3
2023-03-26 01:00:00,2023-03-26 01:00:00,1
2023-04-05 12:00:00,2023-04-05 16:00:00,5
2023-04-20 13:00:00,2023-04-20 13:00:00,1
2023-05-05 09:00:00,2023-05-05 13:00:00,5
2023-05-16 10:00:00,2023-05-16 12:00:00,3
2023-06-01 14:00:00,2023-06-01 17:00:00,4
2023-06-10 22:00:00,2023-06-12 10:00:00,37
2023-06-13 12:00:00,2023-06-13 13:00:00,2
2023-06-19 09:00:00,2023-06-19 14:00:00,6
2023-06-30 10:00:00,2023-06-30 12:00:00,3
2023-07-17 11:00:00,2023-07-17 13:00:00,3
2023-07-24 12:00:00,2023-07-24 13:00:00,2
2023-07-25 10:00:00,2023-07-25 12:00:00,3
2023-07-26 10:00:00,2023-07-26 11:00:00,2
2023-07-26 15:00:00,2023-07-26 15:00:00,1
2023-07-27 09:00:00,2023-07-27 12:00:00,4
2023-08-01 09:00:00,2023-08-01 10:00:00,2
2023-08-16 10:00:00,2023-08-16 11:00:00,2
2023-08-31 09:00:00,2023-08-31 11:00:00,3
2023-09-15 10:00:00,2023-09-15 10:00:00,1
2023-10-04 10:00:00,2023-10-04 10:00:00,1
2023-10-18 10:00:00,2023-10-18 13:00:00,4
2023-10-29 02:00:00,2023-10-29 02:00:00,1
2023-11-09 09:00:00,2023-11-09 12:00:00,4
2023-11-20 15:00:00,2023-11-20 17:00:00,3
2023-11-21 11:00:00,2023-11-21 11:00:00,1
2023-12-05 09:00:00,2023-12-05 10:00:00,2
2023-12-11 14:00:00,2023-12-12 15:00:00,26
2023-12-27 08:00:00,2023-12-27 11:00:00,4
2024-01-04 12:00:00,2024-01-09 09:00:00,118
2024-01-16 08:00:00,2024-01-16 13:00:00,6
2024-01-31 10:00:00,2024-01-31 13:00:00,4
2024-02-15 10:00:00,2024-02-15 11:00:00,2
2024-02-29 09:00:00,2024-02-29 10:00:00,2
2024-03-18 10:00:00,2024-03-18 10:00:00,1
2024-03-18 12:00:00,2024-03-18 12:00:00,1
2024-03-31 01:00:00,2024-03-31 01:00:00,1
2024-04-04 09:00:00,2024-04-04 12:00:00,4
2024-04-08 05:00:00,2024-04-09 09:00:00,29
2024-04-15 10:00:00,2024-04-15 10:00:00,1
2024-05-03 09:00:00,2024-05-03 12:00:00,4
2024-05-17 11:00:00,2024-05-17 12:00:00,2
2024-05-31 12:00:00,2024-06-04 12:00:00,97
2024-06-06 10:00:00,2024-06-06 10:00:00,1
2024-06-18 09:00:00,2024-06-18 10:00:00,2
2024-07-04 11:00:00,2024-07-04 13:00:00,3
2024-07-18 12:00:00,2024-07-18 13:00:00,2
2024-07-24 07:00:00,2024-07-25 09:00:00,27
2024-08-02 08:00:00,2024-08-02 10:00:00,3
2024-08-20 11:00:00,2024-08-20 12:00:00,2
2024-09-02 09:00:00,2024-09-02 13:00:00,5
2024-09-17 10:00:00,2024-09-17 13:00:00,4
2024-10-02 09:00:00,2024-10-02 11:00:00,3
2024-10-10 16:00:00,2024-10-10 16:00:00,1
2024-10-16 11:00:00,2024-10-16 13:00:00,3
2024-10-27 02:00:00,2024-10-27 02:00:00,1
2024-11-04 10:00:00,2024-11-04 12:00:00,3
2024-11-18 09:00:00,2024-11-18 12:00:00,4
2024-11-29 09:00:00,2024-11-29 13:00:00,5
2024-12-03 16:00:00,2024-12-03 16:00:00,1
2024-12-19 08:00:00,2024-12-19 12:00:00,5
2025-01-02 09:00:00,2025-01-02 12:00:00,4
2025-01-20 10:00:00,2025-01-20 13:00:00,4
2025-02-06 11:00:00,2025-02-06 16:00:00,6
2025-02-18 10:00:00,2025-02-18 12:00:00,3
2025-03-05 10:00:00,2025-03-05 15:00:00,6
2025-03-09 04:00:00,2025-03-10 09:00:00,30
2025-03-18 11:00:00,2025-03-18 14:00:00,4
2025-03-30 01:00:00,2025-03-30 01:00:00,1
2025-04-03 09:00:00,2025-04-03 12:00:00,4
2025-04-16 11:00:00,2025-04-16 14:00:00,4
2025-04-28 12:00:00,2025-04-28 20:00:00,9
2025-05-06 11:00:00,2025-05-06 15:00:00,5
2025-05-21 10:00:00,2025-05-23 14:00:00,53
2025-05-24 09:00:00,2025-05-24 11:00:00,3
2025-06-05 10:00:00,2025-06-05 15:00:00,6
2025-06-08 02:00:00,2025-06-08 02:00:00,1
2025-06-08 05:00:00,2025-06-08 09:00:00,5
2025-06-09 00:00:00,2025-06-09 13:00:00,14
2025-06-25 09:00:00,2025-06-25 14:00:00,6
2025-07-08 10:00:00,2025-07-08 14:00:00,5
2025-07-08 20:00:00,2025-07-08 23:00:00,4
2025-07-09 14:00:00,2025-07-09 14:00:00,1
2025-07-10 13:00:00,2025-07-10 14:00:00,2
2025-07-15 00:00:00,2025-07-15 23:00:00,24
2025-07-22 00:00:00,2025-07-22 23:00:00,24
2025-07-23 12:00:00,2025-07-23 16:00:00,5
2025-07-29 00:00:00,2025-07-29 23:00:00,24
2025-07-30 05:00:00,2025-07-30 08:00:00,4
2025-07-31 09:00:00,2025-07-31 15:00:00,7
2025-08-05 00:00:00,2025-08-05 09:00:00,10
2025-08-13 09:00:00,2025-08-13 12:00:00,4
2025-09-03 11:00:00,2025-09-03 15:00:00,5
2025-09-16 10:00:00,2025-09-16 11:00:00,2
2025-09-20 00:00:00,2025-09-20 01:00:00,2
2025-10-01 10:00:00,2025-10-01 11:00:00,2
2025-10-14 10:00:00,2025-10-14 10:00:00,1
2025-10-29 10:00:00,2025-10-29 12:00:00,3
2025-11-14 11:00:00,2025-11-17 13:00:00,75
2025-12-01 10:00:00,2025-12-01 13:00:00,4
2025-12-29 09:00:00,2025-12-29 11:00:00,3
