year,date,daily_mean_o3,day_of_year,rolling_14d_mean_o3
2020,2020-01-01,13.708333333333334,1,12.732142857142858
2020,2020-01-02,11.291666666666666,2,11.90625
2020,2020-01-03,10.625,3,12.333333333333334
2020,2020-01-04,11.041666666666666,4,11.991666666666667
2020,2020-01-05,14.666666666666666,5,12.734848484848486
2020,2020-01-06,19.416666666666668,6,12.861111111111112
2020,2020-01-07,8.375,7,13.91025641025641
2020,2020-01-08,6.125,8,13.773809523809524
2020,2020-01-09,15.75,9,13.291537267080745
2020,2020-01-10,8.916666666666666,10,13.089156314699792
2020,2020-01-11,20.166666666666668,11,13.94332298136646
2020,2020-01-12,14.25,12,15.17844202898551
2020,2020-01-13,26.5,13,17.803442028985508
2020,2020-01-14,12.0,14,20.297489648033125
2020,2020-01-15,6.956521739130435,15,23.621894409937887
2020,2020-01-16,8.458333333333334,16,26.57129917184265
2020,2020-01-17,22.583333333333332,17,27.496894409937887
2020,2020-01-18,28.333333333333332,18,27.26475155279503
2020,2020-01-19,51.416666666666664,19,27.0564182194617
2020,2020-01-20,54.333333333333336,20,27.69332298136646
2020,2020-01-21,54.916666666666664,21,27.16951345755694
2020,2020-01-22,47.416666666666664,22,27.8689182194617
2020,2020-01-23,28.708333333333332,23,27.854166666666668
2020,2020-01-24,5.666666666666667,24,27.889455782312925
2020,2020-01-25,17.25,25,26.588860544217685
2020,2020-01-26,23.166666666666668,26,25.068027210884356
2020,2020-01-27,19.166666666666668,27,22.5531462585034
2020,2020-01-28,21.791666666666668,28,19.02040816326531
2020,2020-01-29,6.75,29,16.49362244897959
2020,2020-01-30,8.952380952380953,30,15.198979591836736
2020,2020-01-31,4.375,31,14.758503401360544
2020,2020-02-01,7.041666666666667,32,15.27933673469388
2020,2020-02-02,16.208333333333332,33,15.645408163265307
2020,2020-02-03,4.875,34,16.091836734693878
2020,2020-02-04,19.541666666666668,35,16.18112244897959
2020,2020-02-05,29.291666666666668,36,16.2733843537415
2020,2020-02-06,22.541666666666668,37,18.316241496598643
2020,2020-02-07,12.958333333333334,38,19.53392857142857
2020,2020-02-08,22.375,39,20.304761904761904
2020,2020-02-09,29.416666666666668,40,22.21547619047619
2020,2020-02-10,20.416666666666668,41,24.89107142857143
2020,2020-02-11,23.083333333333332,42,26.95654761904762
2020,2020-02-12,35.35,43,27.908928571428568
2020,2020-02-13,26.0,44,27.462500000000002
2020,2020-02-14,15.166666666666666,45,27.923809523809524
2020,2020-02-15,33.791666666666664,46,28.83452380952381
2020,2020-02-16,53.666666666666664,47,29.786904761904765
2020,2020-02-17,33.791666666666664,48,29.572619047619046
2020,2020-02-18,32.875,49,29.569642857142856
2020,2020-02-19,23.041666666666668,50,29.71547619047619
2020,2020-02-20,29.0,51,30.370600414078673
2020,2020-02-21,25.708333333333332,52,32.02833850931677
2020,2020-02-22,35.708333333333336,53,33.114648033126294
2020,2020-02-23,26.416666666666668,54,33.40036231884058
2020,2020-02-24,20.375,55,33.02238612836439
2020,2020-02-25,25.125,56,34.38726708074534
2020,2020-02-26,44.52173913043478,57,35.88131469979296
2020,2020-02-27,49.208333333333336,58,36.530124223602485
2020,2020-02-28,30.375,59,36.60452898550725
2020,2020-02-29,37.791666666666664,60,38.62536231884058
2020,2020-03-01,48.375,61,40.107505175983434
2020,2020-03-02,52.9,62,41.67298136645963
2020,2020-03-03,53.791666666666664,63,42.969177018633545
2020,2020-03-04,32.125,64,44.12989130434783
2020,2020-03-05,30.041666666666668,65,42.53607660455487
2020,2020-03-06,54.0,66,41.158100414078675
2020,2020-03-07,56.458333333333336,67,41.146195652173915
2020,2020-03-08,48.333333333333336,68,41.12536231884058
2020,2020-03-09,38.52173913043478,69,41.765243271221536
2020,2020-03-10,41.375,70,43.24262422360248
2020,2020-03-11,22.208333333333332,71,44.043219461697724
2020,2020-03-12,29.916666666666668,72,44.40036231884058
2020,2020-03-13,30.208333333333332,73,46.209886128364396
2020,2020-03-14,37.5,74,47.68905279503105
2020,2020-03-15,57.333333333333336,75,49.13250517598344
2020,2020-03-16,73.58333333333333,76,50.91226708074534
2020,2020-03-17,65.0,77,53.14880952380952
2020,2020-03-18,37.125,78,55.913690476190474
2020,2020-03-19,55.375,79,59.08333333333333
2020,2020-03-20,74.70833333333333,80,61.4375
2020,2020-03-21,76.66666666666667,81,63.735119047619044
2020,2020-03-22,73.25,82,65.60714285714286
2020,2020-03-23,69.83333333333333,83,65.82556935817806
2020,2020-03-24,80.08333333333333,84,63.992236024844715
2020,2020-03-25,66.58333333333333,85,63.38211697722567
2020,2020-03-26,62.875,86,66.2184265010352
2020,2020-03-27,62.375,87,67.87616459627328
2020,2020-03-28,63.708333333333336,88,66.1886645962733
2020,2020-03-29,60.391304347826086,89,64.29878364389234
2020,2020-03-30,47.916666666666664,90,63.590450310559
2020,2020-03-31,56.458333333333336,91,63.41729013739884
2020,2020-04-01,76.83333333333333,92,63.143480613589304
2020,2020-04-02,78.58333333333333,93,64.03633775644644
2020,2020-04-03,51.083333333333336,94,64.30717108977979
2020,2020-04-04,50.208333333333336,95,64.04824251835122
2020,2020-04-05,63.333333333333336,96,64.38752823263692
2020,2020-04-06,67.4090909090909,97,65.94886363636364
2020,2020-04-07,76.25,98,68.52922077922078
2020,2020-04-08,79.08333333333333,99,69.91017316017316
2020,2020-04-09,66.66666666666667,100,68.71969696969697
2020,2020-04-10,58.75,101,68.39529220779221
2020,2020-04-11,68.45833333333333,102,68.67505411255411
2020,2020-04-12,82.25,103,69.32386363636364
2020,2020-04-13,84.04166666666667,104,69.1155303030303
2020,2020-04-14,75.79166666666667,105,66.46428571428571
2020,2020-04-15,60.166666666666664,106,64.20535714285714
2020,2020-04-16,74.04166666666667,107,63.4975414078675
2020,2020-04-17,55.0,108,63.04218426501035
2020,2020-04-18,59.291666666666664,109,62.14039855072464
2020,2020-04-19,60.416666666666664,110,61.4975414078675
2020,2020-04-20,30.291666666666668,111,59.38742236024844
2020,2020-04-21,44.625,112,56.682065217391305
2020,2020-04-22,69.17391304347827,113,55.70289855072463
2020,2020-04-23,60.291666666666664,114,56.188017598343684
2020,2020-04-24,46.125,115,55.72521997929607
2020,2020-04-25,59.458333333333336,116,55.132958074534166
2020,2020-04-26,52.708333333333336,117,54.55260093167702
2020,2020-04-27,46.166666666666664,118,52.60914855072464
2020,2020-04-28,62.083333333333336,119,52.60319616977226
2020,2020-04-29,66.95833333333333,120,51.87998188405796
2020,2020-04-30,67.5625,121,49.584950828157346
2020,2020-05-01,46.708333333333336,122,48.95102225672878
2020,2020-05-02,51.166666666666664,123,50.04328416149068
2020,2020-05-03,33.208333333333336,124,50.650427018633536
2020,2020-05-04,30.208333333333332,125,51.48376035196687
2020,2020-05-05,34.5,126,51.903403209109726
2020,2020-05-06,37.04347826086956,127,50.8498317805383
2020,2020-05-07,51.416666666666664,128,50.24864130434782
2020,2020-05-08,61.416666666666664,129,48.803700828157346
2020,2020-05-09,67.95833333333333,130,49.556677018633536
2020,2020-05-10,64.375,131,49.01798654244306
2020,2020-05-11,52.041666666666664,132,50.31262939958592
2020,2020-05-12,47.333333333333336,133,51.81560559006211
2020,2020-05-13,58.541666666666664,134,52.535843685300215
2020,2020-05-14,47.333333333333336,135,52.95833333333333
2020,2020-05-15,57.25,136,52.276397515527954
2020,2020-05-16,43.625,137,51.196040372670815
2020,2020-05-17,51.333333333333336,138,50.3567546583851
2020,2020-05-18,51.25,139,49.11865942028986
2020,2020-05-19,44.583333333333336,140,48.47282608695652
2020,2020-05-20,42.958333333333336,141,48.44306418219462
2020,2020-05-21,41.869565217391305,142,49.16330227743271
2020,2020-05-22,46.291666666666664,143,50.261516563147
2020,2020-05-23,56.208333333333336,144,49.80913561076604
2020,2020-05-24,47.041666666666664,145,50.895445134575574
2020,2020-05-25,43.0,146,51.63056418219462
2020,2020-05-26,46.916666666666664,147,52.16330227743271
2020,2020-05-27,68.625,148,52.286231884057976
2020,2020-05-28,62.708333333333336,149,52.93531197063806
2020,2020-05-29,50.916666666666664,150,53.492247788443436
2020,2020-05-30,58.833333333333336,151,54.51903350272915
2020,2020-05-31,61.625,152,54.81962874082439
2020,2020-06-01,58.708333333333336,153,54.602366836062494
2020,2020-06-02,46.30434782608695,154,54.3493906455863
2020,2020-06-03,52.04545454545455,155,53.87320016939582
2020,2020-06-04,49.666666666666664,156,52.36129540749106
2020,2020-06-05,60.666666666666664,157,51.789866836062494
2020,2020-06-06,60.416666666666664,158,52.26010493130059
2020,2020-06-07,44.0,159,51.93867635987201
2020,2020-06-08,39.458333333333336,160,52.102366836062494
2020,2020-06-09,40.25,161,51.420819217014866
2020,2020-06-10,47.458333333333336,162,50.30979437229438
2020,2020-06-11,54.708333333333336,163,49.426677489177486
2020,2020-06-12,57.5,164,49.480248917748916
2020,2020-06-13,54.333333333333336,165,48.18262987012987
2020,2020-06-14,63.916666666666664,166,47.13798701298701
2020,2020-06-15,49.166666666666664,167,46.694534632034625
2020,2020-06-16,30.75,168,45.929653679653676
2020,2020-06-17,39.68181818181818,169,45.858225108225106
2020,2020-06-18,50.416666666666664,170,45.920725108225106
2020,2020-06-19,42.5,171,44.926677489177486
2020,2020-06-20,45.791666666666664,172,43.765963203463194
2020,2020-06-21,37.791666666666664,173,43.39393939393939
2020,2020-06-22,28.75,174,42.358225108225106
2020,2020-06-23,39.25,175,41.25703463203463
2020,2020-06-24,48.333333333333336,176,41.70643939393939
2020,2020-06-25,40.791666666666664,177,41.04904244306419
2020,2020-06-26,41.25,178,41.00737577639751
2020,2020-06-27,49.125,179,40.584756728778466
2020,2020-06-28,49.416666666666664,180,41.06987577639752
2020,2020-06-29,33.75,181,41.2008281573499
2020,2020-06-30,37.041666666666664,182,42.04904244306419
2020,2020-07-01,30.47826086956522,183,42.65023291925466
2020,2020-07-02,49.833333333333336,184,42.87047101449275
2020,2020-07-03,36.583333333333336,185,43.0758281573499
2020,2020-07-04,52.583333333333336,186,43.55797101449276
2020,2020-07-05,39.625,187,44.40023291925466
2020,2020-07-06,40.625,188,45.278209109730845
2020,2020-07-07,47.666666666666664,189,46.39130434782608
2020,2020-07-08,51.416666666666664,190,48.40780867683041
2020,2020-07-09,43.666666666666664,191,51.409361471861466
2020,2020-07-10,48.0,192,50.98079004329004
2020,2020-07-11,60.916666666666664,193,51.54329004329004
2020,2020-07-12,61.708333333333336,194,51.6176948051948
2020,2020-07-13,49.333333333333336,195,52.54329004329004
2020,2020-07-14,65.27272727272727,196,52.44507575757576
2020,2020-07-15,72.5,197,51.16233766233766
2020,2020-07-16,43.833333333333336,198,49.98376623376623
2020,2020-07-17,44.458333333333336,199,50.3676948051948
2020,2020-07-18,53.625,200,50.79626623376623
2020,2020-07-19,52.583333333333336,201,51.75459956709957
2020,2020-07-20,39.25,202,52.67424242424242
2020,2020-07-21,29.708333333333332,203,52.84388528138528
2020,2020-07-22,34.916666666666664,204,51.406037414965986
2020,2020-07-23,49.041666666666664,205,50.00127551020409
2020,2020-07-24,54.0,206,49.32865646258504
2020,2020-07-25,74.33333333333333,207,48.471513605442176
2020,2020-07-26,74.58333333333333,208,47.804846938775505
2020,2020-07-27,51.708333333333336,209,48.08163265306122
2020,2020-07-28,45.142857142857146,210,47.920918367346935
2020,2020-07-29,52.833333333333336,211,48.730442176870746
2020,2020-07-30,34.416666666666664,212,49.32270408163266
2020,2020-07-31,32.458333333333336,213,49.12925170068028
2020,2020-08-01,44.291666666666664,214,47.95663265306122
2020,2020-08-02,56.458333333333336,215,46.25425170068028
2020,2020-08-03,37.0,216,44.75722789115646
2020,2020-08-04,41.041666666666664,217,43.76615646258504
2020,2020-08-05,43.208333333333336,218,43.8925983436853
2020,2020-08-06,46.333333333333336,219,44.99081262939959
2020,2020-08-07,37.583333333333336,220,46.50866977225673
2020,2020-08-08,50.5,221,48.181288819875775
2020,2020-08-09,53.625,222,49.175336438923395
2020,2020-08-10,37.833333333333336,223,49.57116977225673
2020,2020-08-11,46.91304347826087,224,50.86581262939959
2020,2020-08-12,68.20833333333333,225,51.660455486542446
2020,2020-08-13,55.666666666666664,226,51.96700310559006
2020,2020-08-14,55.875,227,51.91343167701863
2020,2020-08-15,58.208333333333336,228,52.788431677018636
2020,2020-08-16,62.0,229,52.868788819875775
2020,2020-08-17,55.125,230,52.255693581780534
2020,2020-08-18,52.166666666666664,231,53.27355072463768
2020,2020-08-19,47.5,232,52.9970238095238
2020,2020-08-20,45.583333333333336,233,51.086309523809526
2020,2020-08-21,49.833333333333336,234,49.945522774327124
2020,2020-08-22,51.625,235,49.04968944099379
2020,2020-08-23,45.041666666666664,236,47.240165631469985
2020,2020-08-24,52.083333333333336,237,46.09433229813665
2020,2020-08-25,43.041666666666664,238,45.377070393374744
2020,2020-08-26,41.458333333333336,239,44.570522774327124
2020,2020-08-27,39.69565217391305,240,45.53183229813664
2020,2020-08-28,43.333333333333336,241,45.984213250517605
2020,2020-08-29,32.875,242,45.94849896480331
2020,2020-08-30,45.958333333333336,243,46.927665631469985
2020,2020-08-31,45.083333333333336,244,48.06159420289855
2020,2020-09-01,40.875,245,47.549689440993795
2020,2020-09-02,60.958333333333336,246,47.124094202898554
2020,2020-09-03,51.916666666666664,247,46.84135610766045
2020,2020-09-04,49.333333333333336,248,46.955357142857146
2020,2020-09-05,65.33333333333333,249,47.72916666666667
2020,2020-09-06,60.916666666666664,250,49.07142857142857
2020,2020-09-07,44.916666666666664,251,49.33333333333333
2020,2020-09-08,37.083333333333336,252,48.16278467908903
2020,2020-09-09,37.5,253,48.05564182194617
2020,2020-09-10,41.291666666666664,254,46.23123706004141
2020,2020-09-11,54.166666666666664,255,44.40683229813664
2020,2020-09-12,51.666666666666664,256,42.6092132505176
2020,2020-09-13,49.625,257,40.48718944099379
2020,2020-09-14,28.695652173913043,258,39.82349896480331
2020,2020-09-15,39.375,259,38.820522774327124
2020,2020-09-16,35.416666666666664,260,38.9842132505176
2020,2020-09-17,26.375,261,38.97528467908903
2020,2020-09-18,24.166666666666668,262,38.69849896480331
2020,2020-09-19,35.625,263,38.51126952757387
2020,2020-09-20,51.625,264,38.430912384716734
2020,2020-09-21,30.875,265,37.689840956145304
2020,2020-09-22,39.375,266,38.530032467532465
2020,2020-09-23,37.375,267,38.69967532467532
2020,2020-09-24,37.416666666666664,268,39.37824675324675
2020,2020-09-25,51.54545454545455,269,40.3008658008658
2020,2020-09-26,50.541666666666664,270,41.11931818181819
2020,2020-09-27,39.25,271,42.128246753246756
2020,2020-09-28,40.458333333333336,272,41.74729437229438
2020,2020-09-29,41.75,273,41.940746753246756
2020,2020-09-30,44.916666666666664,274,41.128246753246756
2020,2020-10-01,39.291666666666664,275,40.571699134199136
2020,2020-10-02,35.625,276,40.10687229437229
2020,2020-10-03,49.75,277,37.68398268398268
2020,2020-10-04,46.291666666666664,278,35.806006493506494
2020,2020-10-05,33.583333333333336,279,35.746482683982684
2020,2020-10-06,28.0,280,36.29707792207792
2020,2020-10-07,29.583333333333332,281,36.01136363636363
2020,2020-10-08,30.90909090909091,282,34.90422077922078
2020,2020-10-09,17.625,283,34.13041125541125
2020,2020-10-10,24.25,284,33.975649350649356
2020,2020-10-11,38.416666666666664,285,32.82683982683982
2020,2020-10-12,48.166666666666664,286,31.761363636363633
2020,2020-10-13,37.75,287,30.933982683982684
2020,2020-10-14,29.416666666666668,288,31.48160173160173
2020,2020-10-15,28.458333333333332,289,32.02029220779221
2020,2020-10-16,33.458333333333336,290,31.0
2020,2020-10-17,33.666666666666664,291,31.407738095238095
2020,2020-10-18,31.375,292,32.56547619047619
2020,2020-10-19,22.0,293,32.899068322981364
2020,2020-10-20,35.666666666666664,294,32.52287784679089
2020,2020-10-21,37.125,295,31.93656832298137
2020,2020-10-22,16.625,296,31.320496894409935
2020,2020-10-23,23.333333333333332,297,30.33537784679089
2020,2020-10-24,40.458333333333336,298,29.180615942028986
2020,2020-10-25,43.08695652173913,299,28.388949275362318
2020,2020-10-26,42.9,300,28.138949275362318
2020,2020-10-27,29.541666666666668,301,28.418711180124227
2020,2020-10-28,20.791666666666668,302,28.055615942028986
2020,2020-10-29,14.666666666666666,303,26.287758799171844
2020,2020-10-30,17.291666666666668,304,27.427639751552793
2020,2020-10-31,22.583333333333332,305,28.903830227743274
2020,2020-11-01,27.875,306,28.266925465838508
2020,2020-11-02,25.916666666666668,307,26.47202380952381
2020,2020-11-03,30.583333333333332,308,24.139880952380956
2020,2020-11-04,12.375,309,22.955357142857142
2020,2020-11-05,32.583333333333336,310,23.4375
2020,2020-11-06,44.0,311,23.654761904761905
2020,2020-11-07,31.541666666666668,312,22.794642857142858
2020,2020-11-08,17.958333333333332,313,21.627976190476193
2020,2020-11-09,10.25,314,21.964285714285715
2020,2020-11-10,12.958333333333334,315,21.467261904761905
2020,2020-11-11,27.541666666666668,316,20.169642857142858
2020,2020-11-12,17.708333333333332,317,20.098214285714285
2020,2020-11-13,5.25,318,19.07355442176871
2020,2020-11-14,6.25,319,17.46641156462585
2020,2020-11-16,32.583333333333336,321,17.33545918367347
2020,2020-11-17,18.958333333333332,322,17.50807823129252
2020,2020-11-18,12.416666666666666,323,18.240221088435373
2020,2020-11-19,11.375,324,18.03188775510204
2020,2020-11-20,18.238095238095237,325,18.246173469387752
2020,2020-11-21,21.5,326,20.48426870748299
2020,2020-11-22,29.708333333333332,327,23.3890306122449
2020,2020-11-23,20.375,328,24.802721088435373
2020,2020-11-24,20.5,329,23.856292517006803
2020,2020-11-25,10.041666666666666,330,23.24563234384663
2020,2020-11-26,30.541666666666668,331,23.445037105751393
2020,2020-11-27,49.041666666666664,332,24.765653988868277
2020,2020-11-28,45.916666666666664,333,24.99864718614719
2020,2020-11-29,26.041666666666668,334,25.71590909090909
2020,2020-11-30,19.333333333333332,335,26.480790043290046
2020,2020-12-01,10.409090909090908,336,26.849837662337666
2020,2020-12-02,15.208333333333334,337,27.933170995670995
2020,2020-12-03,29.863636363636363,338,29.483766233766232
2020,2020-12-04,21.5,339,28.72483766233766
2020,2020-12-05,31.541666666666668,340,25.668290043290046
2020,2020-12-06,40.416666666666664,341,25.052218614718615
2020,2020-12-07,25.541666666666668,342,25.11174242424242
2020,2020-12-08,35.666666666666664,343,23.867694805194805
2020,2020-12-09,31.75,344,23.811688311688307
2020,2020-12-10,19.916666666666668,345,23.66585497835498
2020,2020-12-11,6.25,346,22.133928571428566
2020,2020-12-12,37.291666666666664,347,21.778486394557824
2020,2020-12-13,26.875,348,20.915391156462587
2020,2020-12-14,1.9166666666666667,349,20.132653061224488
2020,2020-12-15,9.625,350,19.373724489795915
2020,2020-12-16,13.166666666666666,351,17.51658163265306
2020,2020-12-17,8.416666666666666,352,16.02848639455782
2020,2020-12-18,16.523809523809526,353,15.76360544217687
2020,2020-12-19,19.458333333333332,354,18.53146258503401
2020,2020-12-20,29.458333333333332,355,19.15051020408163
2020,2020-12-21,14.916666666666666,356,20.14158163265306
2020,2020-12-22,9.666666666666666,357,22.965986394557824
2020,2020-12-23,10.916666666666666,358,25.51955782312925
2020,2020-12-24,16.208333333333332,359,27.474914965986393
2020,2020-12-25,45.0,360,29.21301020408163
2020,2020-12-26,45.958333333333336,361,30.189102564102562
2020,2020-12-27,40.75,362,31.083333333333332
2020,2020-12-28,41.458333333333336,363,31.231060606060602
2020,2020-12-29,45.375,364,32.8625
2020,2020-12-30,40.541666666666664,365,35.43981481481481
2020,2020-12-31,32.75,366,38.50520833333333
2021,2021-01-01,33.583333333333336,1,27.251293995859214
2021,2021-01-02,32.25,2,25.52717391304348
2021,2021-01-03,34.75,3,28.255636070853463
2021,2021-01-04,27.25,4,29.11340579710145
2021,2021-01-05,25.416666666666668,5,28.8417325428195
2021,2021-01-06,21.291666666666668,6,29.670893719806767
2021,2021-01-07,16.217391304347824,7,30.176978818283168
2021,2021-01-08,13.458333333333334,8,30.000646997929607
2021,2021-01-09,50.083333333333336,9,28.979813664596275
2021,2021-01-10,36.833333333333336,10,28.336956521739133
2021,2021-01-11,26.125,11,27.786361283643892
2021,2021-01-12,38.791666666666664,12,26.277820910973084
2021,2021-01-13,36.25,13,26.331392339544514
2021,2021-01-14,27.708333333333332,14,26.75401138716356
2021,2021-01-15,19.291666666666668,15,26.738483436853
2021,2021-01-16,23.25,16,28.928959627329196
2021,2021-01-17,27.041666666666668,17,29.03015010351967
2021,2021-01-18,6.130434782608695,18,30.03610248447205
2021,2021-01-19,26.166666666666668,19,31.333721532091097
2021,2021-01-20,27.208333333333332,20,31.23253105590062
2021,2021-01-21,16.0,21,29.530150103519667
2021,2021-01-22,44.125,22,27.827769151138714
2021,2021-01-23,51.5,23,26.664078674948236
2021,2021-01-24,50.916666666666664,24,29.039078674948236
2021,2021-01-25,44.291666666666664,25,28.928959627329192
2021,2021-01-26,37.375,26,29.669642857142858
2021,2021-01-27,12.416666666666666,27,29.339285714285715
2021,2021-01-28,3.875,28,29.726190476190478
2021,2021-01-29,3.0,29,31.482142857142858
2021,2021-02-01,56.5,32,31.410714285714285
2021,2021-02-02,25.5,33,29.30654761904762
2021,2021-02-03,16.5,34,27.925595238095237
2021,2021-02-04,21.541666666666668,35,27.910714285714285
2021,2021-02-05,32.625,36,27.017857142857142
2021,2021-02-06,40.583333333333336,37,26.622023809523814
2021,2021-02-07,43.125,38,28.684523809523814
2021,2021-02-08,22.041666666666668,39,32.452380952380956
2021,2021-02-09,31.583333333333332,40,31.336309523809526
2021,2021-02-10,44.083333333333336,41,32.60416666666667
2021,2021-02-11,24.875,42,33.38392857142857
2021,2021-02-12,6.875,43,34.52846790890269
2021,2021-02-13,32.75,44,34.45703933747412
2021,2021-02-14,55.75,45,34.939182194616976
2021,2021-02-15,40.875,46,36.7754917184265
2021,2021-02-16,43.25,47,37.36180124223603
2021,2021-02-17,27.416666666666668,48,38.183229813664596
2021,2021-02-18,37.56521739130435,49,38.01656314699793
2021,2021-02-19,31.625,50,38.98680124223603
2021,2021-02-20,47.333333333333336,51,40.76656314699793
2021,2021-02-21,68.83333333333333,52,40.564182194616976
2021,2021-02-22,30.25,53,40.495729813664596
2021,2021-02-23,43.083333333333336,54,41.54930124223603
2021,2021-02-24,41.75,55,42.466818249038745
2021,2021-02-25,38.458333333333336,56,43.86562777284827
2021,2021-02-26,31.791666666666668,57,44.48001700680272
2021,2021-02-27,29.916666666666668,58,44.947278911564624
2021,2021-02-28,54.791666666666664,59,44.134778911564624
2021,2021-03-01,55.625,60,43.16751700680272
2021,2021-03-02,56.095238095238095,61,43.122874149659864
2021,2021-03-03,47.0,62,42.265731292517
2021,2021-03-04,46.166666666666664,63,42.33120748299319
2021,2021-03-05,38.166666666666664,64,42.50085034013605
2021,2021-03-06,35.958333333333336,65,42.92942176870748
2021,2021-03-07,55.291666666666664,66,44.41751700680272
2021,2021-03-08,29.625,67,44.50085034013605
2021,2021-03-09,31.083333333333332,68,44.49489795918367
2021,2021-03-10,42.666666666666664,69,43.58095238095238
2021,2021-03-11,40.833333333333336,70,43.08988095238095
2021,2021-03-12,37.791666666666664,71,43.28928571428571
2021,2021-03-13,50.75,72,43.134523809523806
2021,2021-03-14,55.958333333333336,73,44.58095238095238
2021,2021-03-15,55.541666666666664,74,44.65833333333334
2021,2021-03-16,43.3,75,45.33690476190476
2021,2021-03-17,40.125,76,46.00654761904762
2021,2021-03-18,48.958333333333336,77,45.37261904761905
2021,2021-03-19,36.0,78,45.4202380952381
2021,2021-03-20,56.208333333333336,79,48.19702380952382
2021,2021-03-21,56.375,80,49.04226190476191
2021,2021-03-22,39.125,81,48.66635610766046
2021,2021-03-23,40.458333333333336,82,47.49373706004142
2021,2021-03-24,33.791666666666664,83,47.56754658385093
2021,2021-03-25,41.5,84,47.240165631469985
2021,2021-03-26,76.66666666666667,85,46.567546583850934
2021,2021-03-27,62.583333333333336,86,49.23123706004141
2021,2021-03-28,50.69565217391305,87,49.52290372670808
2021,2021-03-29,39.125,88,49.996118012422365
2021,2021-03-30,44.333333333333336,89,51.46040372670808
2021,2021-03-31,35.541666666666664,90,52.11218944099379
2021,2021-04-01,39.541666666666664,91,53.44849896480331
2021,2021-04-02,73.29166666666667,92,54.51992753623188
2021,2021-04-03,60.291666666666664,93,53.692546583850934
2021,2021-04-04,63.0,94,52.16873706004141
2021,2021-04-05,59.625,95,51.99107142857143
2021,2021-04-06,49.583333333333336,96,53.087732919254655
2021,2021-04-07,52.5,97,53.626035196687376
2021,2021-04-08,56.5,98,55.69151138716355
2021,2021-04-09,65.08333333333333,99,57.43853519668737
2021,2021-04-10,41.25,100,56.453416149068325
2021,2021-04-11,48.208333333333336,101,57.078416149068325
2021,2021-04-12,54.47826086956522,102,57.59924948240165
2021,2021-04-13,51.869565217391305,103,57.88793995859213
2021,2021-04-14,64.45833333333333,104,58.88198757763975
2021,2021-04-15,64.0,105,60.66472567287785
2021,2021-04-16,59.5,106,61.515916149068325
2021,2021-04-17,69.04166666666667,107,61.49805900621118
2021,2021-04-18,70.29166666666667,108,63.35222567287785
2021,2021-04-19,63.666666666666664,109,65.12901138716356
2021,2021-04-20,63.5,110,65.699016563147
2021,2021-04-21,77.45833333333333,111,65.30357142857143
2021,2021-04-22,68.41666666666667,112,65.02380952380953
2021,2021-04-23,64.83333333333333,113,64.55952380952381
2021,2021-04-24,67.20833333333333,114,63.785714285714285
2021,2021-04-25,73.08333333333333,115,62.63095238095237
2021,2021-04-26,62.458333333333336,116,62.657738095238095
2021,2021-04-27,46.333333333333336,117,61.428300865800864
2021,2021-04-28,60.541666666666664,118,61.211038961038966
2021,2021-04-29,57.5,119,60.31520562770562
2021,2021-04-30,48.666666666666664,120,59.51163419913421
2021,2021-05-01,52.875,121,58.291396103896105
2021,2021-05-02,70.66666666666667,122,57.27353896103896
2021,2021-05-03,46.45454545454545,123,56.05925324675325
2021,2021-05-04,60.458333333333336,124,54.053300865800864
2021,2021-05-05,64.91666666666667,125,54.868777056277054
2021,2021-05-06,57.166666666666664,126,54.03841991341991
2021,2021-05-07,47.75,127,53.99972943722944
2021,2021-05-08,52.958333333333336,128,53.82413419913421
2021,2021-05-09,56.083333333333336,129,53.57115800865801
2021,2021-05-10,34.375,130,52.12770562770562
2021,2021-05-11,57.75,131,51.959523809523816
2021,2021-05-12,48.916666666666664,132,50.77797619047619
2021,2021-05-13,56.958333333333336,133,49.45059523809524
2021,2021-05-14,46.208333333333336,134,49.35365646258503
2021,2021-05-15,49.333333333333336,135,49.47540970933828
2021,2021-05-16,50.458333333333336,136,50.046838280766856
2021,2021-05-17,44.1,137,49.552790661719236
2021,2021-05-18,43.916666666666664,138,51.13910018552876
2021,2021-05-19,46.333333333333336,139,50.955658627087196
2021,2021-05-20,55.80952380952381,140,51.31875386518244
2021,2021-05-21,49.45454545454545,141,50.34256338899196
2021,2021-05-22,60.958333333333336,142,50.07470624613482
2021,2021-05-23,49.166666666666664,143,49.412007833436405
2021,2021-05-24,56.583333333333336,144,53.45069830962688
2021,2021-05-25,55.18181818181818,145,54.573425582354155
2021,2021-05-26,54.0,146,54.48711605854463
2021,2021-05-27,43.291666666666664,147,54.894854153782724
2021,2021-05-28,42.458333333333336,148,55.68175152142544
2021,2021-05-29,40.05555555555556,149,56.37249827467219
2021,2021-05-30,107.0,150,56.339760179434094
2021,2021-05-31,59.81818181818182,151,56.85464113181505
2021,2021-06-01,42.708333333333336,152,56.714760179434094
2021,2021-06-02,52.041666666666664,153,55.817844595018514
2021,2021-06-03,66.82608695652173,154,54.79403507120899
2021,2021-06-04,59.125,155,55.09760649978041
2021,2021-06-05,60.5,156,55.80296364263756
2021,2021-06-06,56.375,157,58.03113824581216
2021,2021-06-07,54.625,158,56.14720967438359
2021,2021-06-08,42.625,159,56.496506211180126
2021,2021-06-09,39.666666666666664,160,57.10364906832298
2021,2021-06-10,47.541666666666664,161,57.16870008873114
2021,2021-06-11,52.333333333333336,162,57.04719387755102
2021,2021-06-12,71.25,163,56.59481292517007
2021,2021-06-13,80.625,164,55.8329081632653
2021,2021-06-14,64.70833333333333,165,55.2108843537415
2021,2021-06-15,51.208333333333336,166,54.69302721088435
2021,2021-06-16,52.95238095238095,167,55.17219387755102
2021,2021-06-17,65.125,168,55.52933673469388
2021,2021-06-18,52.791666666666664,169,56.59481292517007
2021,2021-06-19,49.833333333333336,170,56.89540816326531
2021,2021-06-20,47.666666666666664,171,55.90433673469388
2021,2021-06-21,47.375,172,54.484693877551024
2021,2021-06-22,49.333333333333336,173,53.1483843537415
2021,2021-06-23,44.666666666666664,174,53.02933673469388
2021,2021-06-24,62.458333333333336,175,53.014880952380956
2021,2021-06-25,56.541666666666664,176,52.083333333333336
2021,2021-06-26,57.375,177,52.14583333333333
2021,2021-06-27,60.75,178,52.580357142857146
2021,2021-06-28,46.0,179,53.360119047619044
2021,2021-06-29,49.541666666666664,180,53.69979296066252
2021,2021-06-30,52.75,181,54.12538819875777
2021,2021-07-01,52.083333333333336,182,54.167054865424426
2021,2021-07-02,53.666666666666664,183,53.38431677018634
2021,2021-07-03,55.916666666666664,184,53.00634057971014
2021,2021-07-04,58.583333333333336,185,52.94979296066252
2021,2021-07-05,52.130434782608695,186,52.25931677018633
2021,2021-07-06,55.291666666666664,187,52.32479296066252
2021,2021-07-07,45.25,188,51.31467391304348
2021,2021-07-08,51.5,189,50.707531055900624
2021,2021-07-09,51.25,190,51.179600652970215
2021,2021-07-10,56.583333333333336,191,50.935553033922595
2021,2021-07-11,51.083333333333336,192,51.28376731963689
2021,2021-07-12,46.916666666666664,193,50.77186255773212
2021,2021-07-13,35.4,194,51.027426739926746
2021,2021-07-14,44.25,195,50.557188644688644
2021,2021-07-16,58.69230769230769,197,50.28040293040293
2021,2021-07-17,50.25,198,49.741712454212454
2021,2021-07-18,60.791666666666664,199,50.06909340659341
2021,2021-07-19,51.416666666666664,200,50.539331501831505
2021,2021-07-20,55.708333333333336,201,50.78635531135531
2021,2021-07-21,48.708333333333336,202,52.217902930402936
2021,2021-07-22,41.375,203,54.623855311355314
2021,2021-07-23,43.958333333333336,204,56.00778388278388
2021,2021-07-24,55.833333333333336,205,55.949404761904766
2021,2021-07-25,63.166666666666664,206,56.3154761904762
2021,2021-07-26,54.541666666666664,207,55.217261904761905
2021,2021-07-27,66.95833333333333,208,54.863095238095234
2021,2021-07-28,69.08333333333333,209,54.425595238095234
2021,2021-07-29,63.625,210,54.54383116883117
2021,2021-07-30,57.875,211,55.573593073593074
2021,2021-07-31,55.375,212,56.22835497835497
2021,2021-08-01,45.416666666666664,213,56.08549783549783
2021,2021-08-02,46.458333333333336,214,55.27597402597403
2021,2021-08-03,49.583333333333336,215,53.499188311688314
2021,2021-08-04,50.36363636363637,216,51.15097402597403
2021,2021-08-05,55.791666666666664,217,48.93371212121212
2021,2021-08-06,53.125,218,47.77895021645022
2021,2021-08-07,53.833333333333336,219,47.12121212121212
2021,2021-08-08,51.833333333333336,220,46.07656926406927
2021,2021-08-09,29.666666666666668,221,46.933712121212125
2021,2021-08-10,34.083333333333336,222,47.71942640692641
2021,2021-08-11,38.041666666666664,223,48.125811688311686
2021,2021-08-12,47.458333333333336,224,48.8676948051948
2021,2021-08-13,48.666666666666664,225,48.751623376623385
2021,2021-08-14,40.75,226,48.263528138528144
2021,2021-08-15,57.416666666666664,227,48.53733766233766
2021,2021-08-16,57.458333333333336,228,48.52245670995671
2021,2021-08-17,55.27272727272727,229,49.89150432900433
2021,2021-08-18,60.75,230,50.95400432900433
2021,2021-08-19,54.166666666666664,231,52.29924242424243
2021,2021-08-20,46.291666666666664,232,53.43317099567099
2021,2021-08-21,57.666666666666664,233,53.70400432900433
2021,2021-08-22,51.625,234,56.09983766233766
2021,2021-08-23,48.833333333333336,235,56.83198051948052
2021,2021-08-24,48.958333333333336,236,56.03733766233767
2021,2021-08-25,56.875,237,55.14285714285715
2021,2021-08-26,63.333333333333336,238,54.62655279503106
2021,2021-08-27,52.458333333333336,239,54.68012422360248
2021,2021-08-28,74.29166666666667,240,55.15333850931677
2021,2021-08-29,67.66666666666667,241,55.27536231884058
2021,2021-08-30,46.333333333333336,242,55.75750517598344
2021,2021-08-31,42.75,243,55.614648033126294
2021,2021-09-01,53.52173913043478,244,55.44798136645962
2021,2021-09-02,54.916666666666664,245,54.90631469979296
2021,2021-09-03,52.916666666666664,246,55.43607660455488
2021,2021-09-04,59.375,247,55.37952898550725
2021,2021-09-05,58.375,248,54.00750517598343
2021,2021-09-06,46.833333333333336,249,52.62655279503105
2021,2021-09-07,46.625,250,52.578933747412
2021,2021-09-08,49.291666666666664,251,53.2694099378882
2021,2021-09-09,70.75,252,53.226190476190474
2021,2021-09-10,51.666666666666664,253,53.086038961038966
2021,2021-09-11,55.083333333333336,254,53.21401515151515
2021,2021-09-12,48.333333333333336,255,52.51163419913421
2021,2021-09-13,45.666666666666664,256,51.58008658008658
2021,2021-09-14,52.416666666666664,257,50.75270562770562
2021,2021-09-15,52.916666666666664,258,48.99972943722944
2021,2021-09-16,52.95454545454545,259,48.85984848484849
2021,2021-09-17,54.708333333333336,260,47.14853896103896
2021,2021-09-18,49.541666666666664,261,47.6366341991342
2021,2021-09-19,45.333333333333336,262,46.53841991341992
2021,2021-09-20,35.25,263,47.06520562770562
2021,2021-09-21,22.083333333333332,264,47.50568181818181
2021,2021-09-22,47.333333333333336,265,47.3866341991342
2021,2021-09-23,46.791666666666664,266,45.75865800865801
2021,2021-09-24,58.5,267,44.464285714285715
2021,2021-09-25,39.708333333333336,268,42.886904761904766
2021,2021-09-26,55.708333333333336,269,42.300595238095234
2021,2021-09-27,51.833333333333336,270,43.464285714285715
2021,2021-09-28,50.75,271,42.93452380952381
2021,2021-09-29,30.125,272,43.2987012987013
2021,2021-09-30,34.833333333333336,273,42.62310606060606
2021,2021-10-01,32.625,274,41.68858225108225
2021,2021-10-02,41.333333333333336,275,40.37012987012987
2021,2021-10-03,61.625,276,40.28977272727273
2021,2021-10-04,27.833333333333332,277,39.73917748917749
2021,2021-10-05,27.181818181818183,278,38.67667748917749
2021,2021-10-06,37.875,279,37.25703463203463
2021,2021-10-07,33.708333333333336,280,37.742153679653676
2021,2021-10-08,40.041666666666664,281,37.83441558441558
2021,2021-10-09,38.583333333333336,282,37.64989177489178
2021,2021-10-10,48.0,283,38.2987012987013
2021,2021-10-11,36.958333333333336,284,37.94155844155845
2021,2021-10-12,30.875,285,38.19155844155845
2021,2021-10-13,36.916666666666664,286,38.714285714285715
2021,2021-10-14,36.125,287,39.94060559006211
2021,2021-10-15,30.041666666666668,288,40.20251035196687
2021,2021-10-16,50.416666666666664,289,38.65489130434783
2021,2021-10-17,56.625,290,37.93465320910973
2021,2021-10-18,31.333333333333332,291,36.83048654244306
2021,2021-10-19,34.5,292,36.65786749482402
2021,2021-10-20,55.04347826086956,293,36.85727225672878
2021,2021-10-21,37.375,294,36.54179606625259
2021,2021-10-22,18.375,295,36.77096273291925
2021,2021-10-23,28.5,296,36.39893892339545
2021,2021-10-24,32.541666666666664,297,35.29774844720497
2021,2021-10-25,34.541666666666664,298,32.911490683229815
2021,2021-10-26,33.666666666666664,299,33.19125258799172
2021,2021-10-27,32.5,300,33.26268115942029
2021,2021-10-28,39.333333333333336,301,31.851837474120085
2021,2021-10-29,24.833333333333332,302,31.280408902691512
2021,2021-10-30,35.0,303,31.2536231884058
2021,2021-10-31,23.217391304347824,304,31.438146997929607
2021,2021-11-01,35.25,305,31.566123188405793
2021,2021-11-02,35.5,306,30.101837474120085
2021,2021-11-03,35.291666666666664,307,29.58695652173913
2021,2021-11-04,29.375,308,29.152432712215322
2021,2021-11-05,18.0,309,29.557194616977224
2021,2021-11-06,31.083333333333332,310,28.96790890269151
2021,2021-11-07,34.333333333333336,311,28.131599378881987
2021,2021-11-08,14.041666666666666,312,29.095238095238095
2021,2021-11-09,26.458333333333332,313,27.425595238095237
2021,2021-11-10,26.416666666666668,314,25.800595238095237
2021,2021-11-11,45.0,315,24.42942176870748
2021,2021-11-12,16.583333333333332,316,23.16751700680272
2021,2021-11-13,23.291666666666668,317,22.29251700680272
2021,2021-11-14,36.708333333333336,318,20.48894557823129
2021,2021-11-15,11.875,319,19.426445578231295
2021,2021-11-16,12.75,320,20.34311224489796
2021,2021-11-17,16.095238095238095,321,20.753826530612248
2021,2021-11-18,11.708333333333334,322,21.500850340136054
2021,2021-11-19,5.75,323,19.89668367346939
2021,2021-11-20,5.833333333333333,324,20.575255102040817
2021,2021-11-21,19.458333333333332,325,21.73894557823129
2021,2021-11-22,26.875,326,22.488945578231295
2021,2021-11-23,32.208333333333336,327,23.631802721088437
2021,2021-11-24,36.875,328,23.3312074829932
2021,2021-11-25,22.541666666666668,329,23.708333333333332
2021,2021-11-26,26.083333333333332,330,24.482738095238094
2021,2021-11-27,39.583333333333336,331,25.81011904761905
2021,2021-11-28,47.208333333333336,332,27.75059523809524
2021,2021-11-29,27.875,333,30.575
2021,2021-11-30,8.541666666666666,334,31.64940476190476
2021,2021-12-01,21.375,335,30.325
2021,2021-12-02,22.55,336,31.515476190476193
2021,2021-12-03,24.333333333333332,337,33.47083333333333
2021,2021-12-04,33.0,338,35.04226190476191
2021,2021-12-05,59.0,339,34.322023809523806
2021,2021-12-06,41.916666666666664,340,32.699999999999996
2021,2021-12-07,13.666666666666666,341,31.50952380952381
2021,2021-12-08,53.541666666666664,342,31.44702380952381
2021,2021-12-09,49.916666666666664,343,30.14642857142857
2021,2021-12-10,48.083333333333336,344,29.008928571428573
2021,2021-12-11,29.5,345,27.976190476190474
2021,2021-12-12,24.5,346,26.476190476190474
2021,2021-12-13,11.208333333333334,347,23.598214285714285
2021,2021-12-14,7.666666666666667,348,22.226190476190478
2021,2021-12-15,3.1666666666666665,349,22.3125
2021,2021-12-16,6.625,350,18.88605442176871
2021,2021-12-17,9.875,351,15.862244897959185
2021,2021-12-18,12.0,352,13.168792517006803
2021,2021-12-19,18.708333333333332,353,12.451530612244897
2021,2021-12-20,22.708333333333332,354,12.246173469387754
2021,2021-12-21,14.875,355,14.287840136054422
2021,2021-12-22,5.571428571428571,356,16.88605442176871
2021,2021-12-23,7.583333333333333,357,18.522959183673468
2021,2021-12-24,10.375,358,18.475340136054424
2021,2021-12-25,19.458333333333332,359,17.96343537414966
2021,2021-12-26,21.625,360,18.42216117216117
2021,2021-12-27,39.791666666666664,361,18.39831349206349
2021,2021-12-28,44.041666666666664,362,18.006493506493506
2021,2021-12-29,26.083333333333332,363,18.319642857142856
2021,2021-12-30,5.958333333333333,364,19.73611111111111
2021,2021-12-31,2.7083333333333335,365,21.255208333333332
2022,2022-01-01,16.0,1,22.07919254658385
2022,2022-01-02,26.625,2,24.56408514492754
2022,2022-01-03,12.0,3,27.55233494363929
2022,2022-01-04,5.304347826086956,4,27.505434782608695
2022,2022-01-05,22.291666666666668,5,26.12994071146245
2022,2022-01-06,41.833333333333336,6,26.601751207729468
2022,2022-01-07,30.5,7,25.484949832775918
2022,2022-01-08,41.958333333333336,8,24.697334368530022
2022,2022-01-09,51.458333333333336,9,26.917572463768117
2022,2022-01-10,27.083333333333332,10,27.06340579710145
2022,2022-01-11,12.375,11,28.947334368530022
2022,2022-01-12,31.791666666666668,12,30.58928571428572
2022,2022-01-13,12.083333333333334,13,30.63366977225673
2022,2022-01-14,14.458333333333334,14,29.222955486542446
2022,2022-01-15,47.083333333333336,15,28.50866977225673
2022,2022-01-16,28.666666666666668,16,27.880693581780537
2022,2022-01-17,38.375,17,25.592003105590063
2022,2022-01-18,28.291666666666668,18,24.711050724637683
2022,2022-01-19,22.91304347826087,19,24.73486024844721
2022,2022-01-20,22.083333333333332,20,23.95807453416149
2022,2022-01-21,20.5,21,24.142598343685304
2022,2022-01-22,33.166666666666664,22,23.9550983436853
2022,2022-01-23,19.416666666666668,23,21.651526915113873
2022,2022-01-24,14.75,24,21.663431677018632
2022,2022-01-25,12.708333333333334,25,20.779503105590063
2022,2022-01-26,20.916666666666668,26,20.811464803312628
2022,2022-01-27,14.666666666666666,27,21.082556935817802
2022,2022-01-28,11.833333333333334,28,20.30577122153209
2022,2022-01-29,14.833333333333334,29,20.109342650103518
2022,2022-01-30,28.833333333333332,30,19.67481884057971
2022,2022-01-31,26.0,31,21.43969979296066
2022,2022-02-01,28.73913043478261,32,22.75219979296066
2022,2022-02-02,26.708333333333332,33,23.77600931677019
2022,2022-02-03,11.208333333333334,34,25.00815217391304
2022,2022-02-04,17.75,35,26.076604554865423
2022,2022-02-05,27.083333333333332,36,26.585533126293996
2022,2022-02-06,44.125,37,28.92481884057971
2022,2022-02-07,33.125,38,30.41886645962733
2022,2022-02-08,27.041666666666668,39,32.54386645962733
2022,2022-02-09,38.166666666666664,40,33.56547619047619
2022,2022-02-10,29.625,41,33.52419772256729
2022,2022-02-11,18.958333333333332,42,34.033126293995856
2022,2022-02-12,47.583333333333336,43,34.94384057971014
2022,2022-02-13,49.75,44,35.49443581780538
2022,2022-02-14,55.75,45,35.38134057971014
2022,2022-02-15,43.041666666666664,46,35.661102484472046
2022,2022-02-16,26.130434782608695,47,36.71169772256729
2022,2022-02-17,18.333333333333332,48,36.839673913043484
2022,2022-02-18,30.5,49,37.80991200828157
2022,2022-02-19,34.791666666666664,50,38.44086438923396
2022,2022-02-20,42.541666666666664,51,38.95276915113872
2022,2022-02-21,37.041666666666664,52,38.62836438923396
2022,2022-02-22,41.75,53,38.667054865424426
2022,2022-02-23,39.958333333333336,54,39.60157867494824
2022,2022-02-24,43.208333333333336,55,40.22213203463203
2022,2022-02-25,27.791666666666668,56,42.308441558441565
2022,2022-02-26,54.75,57,42.54356060606061
2022,2022-02-27,45.208333333333336,58,44.254870129870135
2022,2022-02-28,56.291666666666664,59,45.16260822510822
2022,2022-03-01,56.125,60,46.391774891774894
2022,2022-03-02,34.81818181818182,61,45.745941558441565
2022,2022-03-03,47.541666666666664,62,45.945346320346324
2022,2022-03-04,33.791666666666664,63,45.35308441558442
2022,2022-03-05,58.75,64,46.29653679653679
2022,2022-03-06,55.25,65,46.11796536796537
2022,2022-03-07,54.25,66,45.29058441558442
2022,2022-03-08,32.708333333333336,67,46.36796536796537
2022,2022-03-09,42.75,68,47.75189393939394
2022,2022-03-10,34.916666666666664,69,50.09604978354979
2022,2022-03-11,41.0,70,50.70616883116883
2022,2022-03-12,52.25,71,52.03950216450216
2022,2022-03-13,33.625,72,52.35795454545455
2022,2022-03-14,71.375,73,52.887716450216445
2022,2022-03-15,75.5,74,54.691287878787875
2022,2022-03-16,67.63636363636364,75,58.07819264069264
2022,2022-03-17,56.083333333333336,76,60.054383116883116
2022,2022-03-18,52.458333333333336,77,62.628787878787875
2022,2022-03-19,63.208333333333336,78,65.95616883116882
2022,2022-03-20,62.666666666666664,79,68.28057359307358
2022,2022-03-21,79.5,80,71.57133446263882
2022,2022-03-22,80.125,81,70.27966779597214
2022,2022-03-23,70.41666666666667,82,69.47609636740071
2022,2022-03-24,70.95833333333333,83,68.4842132505176
2022,2022-03-25,87.58333333333333,84,67.51863354037268
2022,2022-03-26,84.79166666666667,85,68.2299430641822
2022,2022-03-27,79.69565217391305,86,69.09006211180125
2022,2022-03-28,53.291666666666664,87,69.5454192546584
2022,2022-03-29,64.25,88,67.8579192546584
2022,2022-03-30,53.75,89,65.9501811594203
2022,2022-03-31,42.56521739130435,90,64.53351449275362
2022,2022-04-01,62.416666666666664,91,62.334109730848866
2022,2022-04-02,75.25,92,59.959109730848866
2022,2022-04-03,69.04166666666667,93,59.82563903487817
2022,2022-04-04,55.875,94,59.87714007007485
2022,2022-04-05,53.416666666666664,95,60.63309245102723
2022,2022-04-06,50.583333333333336,96,60.44261626055105
2022,2022-04-07,40.166666666666664,97,59.61523530817009
2022,2022-04-08,54.333333333333336,98,59.84867216117216
2022,2022-04-11,82.92307692307692,101,59.29510073260074
2022,2022-04-12,80.41666666666667,102,58.187957875457876
2022,2022-04-13,63.875,103,55.92307692307692
2022,2022-04-14,61.583333333333336,104,56.40224358974359
2022,2022-04-15,42.166666666666664,105,55.44715700965701
2022,2022-04-16,45.833333333333336,106,55.03644272394273
2022,2022-04-17,54.666666666666664,107,56.003704628704625
2022,2022-04-18,59.75,108,56.80132367632367
2022,2022-04-19,37.333333333333336,109,54.52408008658009
2022,2022-04-20,62.583333333333336,110,51.43479437229438
2022,2022-04-21,40.04545454545455,111,48.9883658008658
2022,2022-04-22,44.833333333333336,112,47.458603896103895
2022,2022-04-23,53.708333333333336,113,46.66693722943723
2022,2022-04-24,65.5,114,44.58598484848485
2022,2022-04-25,51.041666666666664,115,45.84788961038961
2022,2022-04-26,37.166666666666664,116,45.475865800865805
2022,2022-04-27,29.625,117,44.4780303030303
2022,2022-04-28,40.166666666666664,118,43.77922077922078
2022,2022-04-29,31.083333333333332,119,44.23133116883117
2022,2022-04-30,16.7,120,44.93371212121212
2022,2022-05-02,72.33333333333333,122,44.40692640692641
2022,2022-05-03,54.541666666666664,123,43.02002164502165
2022,2022-05-04,23.363636363636363,124,42.55573593073593
2022,2022-05-05,52.8,125,44.0646645021645
2022,2022-05-06,46.375,126,44.86823593073593
2022,2022-05-07,54.666666666666664,127,44.445616883116884
2022,2022-05-08,46.333333333333336,128,45.4396645021645
2022,2022-05-09,46.083333333333336,129,47.68728354978355
2022,2022-05-10,44.541666666666664,130,45.83609307359308
2022,2022-05-11,58.291666666666664,131,44.50871212121212
2022,2022-05-12,40.875,132,45.359361471861476
2022,2022-05-13,34.25,133,44.98971861471862
2022,2022-05-14,45.0,134,42.941924497071554
2022,2022-05-15,48.166666666666664,135,42.111567354214415
2022,2022-05-16,46.416666666666664,136,42.47763878278584
2022,2022-05-17,35.958333333333336,137,43.126448306595364
2022,2022-05-18,35.27272727272727,138,43.28121021135727
2022,2022-05-19,47.625,139,41.44671228175065
2022,2022-05-20,17.705882352941178,140,41.464569424607795
2022,2022-05-21,43.041666666666664,141,41.89314085317922
2022,2022-05-22,51.458333333333336,142,41.43480751984588
2022,2022-05-23,55.166666666666664,143,42.652069424607795
2022,2022-05-24,46.708333333333336,144,44.27111704365541
2022,2022-05-25,32.608695652173914,145,45.67587894841732
2022,2022-05-26,41.125,146,46.30520795274631
2022,2022-05-27,40.25,147,46.16965600469437
2022,2022-05-28,38.583333333333336,148,47.94959297948429
2022,2022-05-29,65.20833333333333,149,47.532926312817615
2022,2022-05-30,69.08333333333333,150,47.86328345567477
2022,2022-05-31,55.625,151,48.336497741389046
2022,2022-06-01,44.083333333333336,152,48.342450122341425
2022,2022-06-02,45.72727272727273,153,50.248376623376615
2022,2022-06-03,42.625,154,50.727543290043286
2022,2022-06-04,37.208333333333336,155,50.912067099567096
2022,2022-06-05,56.083333333333336,156,50.80492424242425
2022,2022-06-06,61.791666666666664,157,49.02813852813853
2022,2022-06-07,46.791666666666664,158,47.05140692640692
2022,2022-06-08,59.291666666666664,159,45.323534255599476
2022,2022-06-09,47.833333333333336,160,44.95686758893281
2022,2022-06-10,42.833333333333336,161,43.0665736723231
2022,2022-06-11,37.083333333333336,162,43.74863888971441
2022,2022-06-12,40.333333333333336,163,45.665305556381064
2022,2022-06-13,41.40909090909091,164,47.14744841352393
2022,2022-06-14,31.434782608695652,165,47.391496032571546
2022,2022-06-15,38.95,166,46.715900794476305
2022,2022-06-16,19.263157894736842,167,45.629591270666786
2022,2022-06-17,52.17391304347826,168,46.340900794476305
2022,2022-06-18,64.04166666666667,169,48.0016150801906
2022,2022-06-19,76.83333333333333,170,50.138519842095356
2022,2022-06-20,65.20833333333333,171,51.11173412780965
2022,2022-06-21,37.333333333333336,172,51.46644192001744
2022,2022-06-22,44.083333333333336,173,53.75979078130108
2022,2022-06-23,57.791666666666664,174,54.191933638443935
2022,2022-06-24,66.08333333333333,175,56.59277950310559
2022,2022-06-25,67.0,176,56.217261904761905
2022,2022-06-26,53.958333333333336,177,55.02976190476191
2022,2022-06-27,46.375,178,52.648809523809526
2022,2022-06-28,63.541666666666664,179,52.36607142857143
2022,2022-06-29,45.0,180,53.92667748917749
2022,2022-06-30,52.875,181,54.03382034632035
2022,2022-07-01,46.916666666666664,182,54.68262987012987
2022,2022-07-02,47.416666666666664,183,53.992153679653676
2022,2022-07-03,43.5,184,53.70346320346321
2022,2022-07-04,61.25,185,54.295725108225106
2022,2022-07-05,59.18181818181818,186,56.298701298701296
2022,2022-07-06,45.583333333333336,187,55.545725108225106
2022,2022-07-07,66.875,188,55.91477272727273
2022,2022-07-08,56.416666666666664,189,55.56358225108225
2022,2022-07-09,62.958333333333336,190,55.64393939393939
2022,2022-07-10,62.25,191,57.41774891774891
2022,2022-07-11,74.41666666666667,192,59.72132034632034
2022,2022-07-12,53.0,193,59.602813852813846
2022,2022-07-13,50.166666666666664,194,58.71185064935065
2022,2022-07-14,47.958333333333336,195,59.3547077922078
2022,2022-07-15,48.041666666666664,196,59.08685064935065
2022,2022-07-16,72.25,197,58.78327922077922
2022,2022-07-17,75.75,198,57.405303030303024
2022,2022-07-18,59.59090909090909,199,56.878517316017316
2022,2022-07-19,46.708333333333336,200,55.32494588744589
2022,2022-07-20,54.583333333333336,201,54.82792207792208
2022,2022-07-21,63.125,202,54.74458874458875
2022,2022-07-22,52.166666666666664,203,54.3547077922078
2022,2022-07-23,43.666666666666664,204,54.65827922077922
2022,2022-07-24,54.875,205,53.699945887445885
2022,2022-07-25,52.666666666666664,206,53.29518398268398
2022,2022-07-26,46.041666666666664,207,53.035714285714285
2022,2022-07-27,49.0,208,54.24404761904761
2022,2022-07-28,42.5,209,55.264069264069256
2022,2022-07-29,52.291666666666664,210,55.076569264069256
2022,2022-07-30,58.833333333333336,211,55.80871212121212
2022,2022-07-31,70.08333333333333,212,56.308712121212125
2022,2022-08-01,55.958333333333336,213,57.136093073593074
2022,2022-08-02,63.625,214,58.39502164502164
2022,2022-08-03,68.86363636363636,215,59.9694264069264
2022,2022-08-04,60.5,216,61.71347402597403
2022,2022-08-05,62.416666666666664,217,63.4694264069264
2022,2022-08-06,50.666666666666664,218,65.21049783549783
2022,2022-08-07,66.45833333333333,219,65.22835497835497
2022,2022-08-08,70.29166666666667,220,65.02895021645021
2022,2022-08-09,68.08333333333333,221,66.89502164502164
2022,2022-08-10,73.41666666666667,222,67.11823593073593
2022,2022-08-11,67.08333333333333,223,66.75297619047619
2022,2022-08-12,76.66666666666667,224,66.04166666666667
2022,2022-08-13,59.083333333333336,225,65.66369047619048
2022,2022-08-14,67.29166666666667,226,66.50297619047619
2022,2022-08-15,82.08333333333333,227,65.50892857142857
2022,2022-08-16,66.75,228,63.387445887445885
2022,2022-08-17,63.75,229,62.04816017316018
2022,2022-08-18,50.541666666666664,230,59.759469696969695
2022,2022-08-19,57.125,231,59.08387445887446
2022,2022-08-20,62.416666666666664,232,57.78625541125541
2022,2022-08-21,52.541666666666664,233,58.372564935064936
2022,2022-08-22,40.59090909090909,234,58.84875541125541
2022,2022-08-23,49.333333333333336,235,57.53625541125541
2022,2022-08-24,41.375,236,56.750541125541126
2022,2022-08-25,57.625,237,55.34577922077922
2022,2022-08-26,58.5,238,54.705898268398265
2022,2022-08-27,67.29166666666667,239,54.063041125541126
2022,2022-08-28,73.95833333333333,240,53.97077922077922
2022,2022-08-29,63.708333333333336,241,53.97375541125541
2022,2022-08-30,55.75,242,53.99107142857143
2022,2022-08-31,44.083333333333336,243,52.65882034632035
2022,2022-09-01,41.583333333333336,244,52.38203463203463
2022,2022-09-02,48.125,245,51.992153679653676
2022,2022-09-03,61.125,246,51.45048701298701
2022,2022-09-04,52.583333333333336,247,50.25405844155845
2022,2022-09-05,40.833333333333336,248,48.47132034632035
2022,2022-09-06,30.681818181818183,249,46.22591991341992
2022,2022-09-07,37.5,250,44.52651515151515
2022,2022-09-08,52.166666666666664,251,44.181277056277054
2022,2022-09-09,50.916666666666664,252,44.14258658008658
2022,2022-09-10,50.541666666666664,253,44.428300865800864
2022,2022-09-11,49.0,254,44.3866341991342
2022,2022-09-13,32.27272727272727,256,43.89042207792208
2022,2022-09-14,31.958333333333332,257,44.03625541125541
2022,2022-09-15,39.25,258,45.43695887445887
2022,2022-09-16,41.041666666666664,259,47.627435064935064
2022,2022-09-17,52.125,260,47.752435064935064
2022,2022-09-18,60.541666666666664,261,48.740530303030305
2022,2022-09-19,45.63636363636363,262,48.84469696969696
2022,2022-09-20,42.875,263,48.945887445887436
2022,2022-09-21,50.291666666666664,264,50.194264069264065
2022,2022-09-22,68.16666666666667,265,51.22104978354979
2022,2022-09-23,53.916666666666664,266,51.69345238095239
2022,2022-09-24,64.75,267,51.660714285714285
2022,2022-09-25,52.0,268,51.413690476190474
2022,2022-09-26,50.416666666666664,269,50.985119047619044
2022,2022-09-27,49.75,270,50.0349025974026
2022,2022-09-28,46.333333333333336,271,49.630140692640694
2022,2022-09-29,45.86363636363637,272,48.618235930735935
2022,2022-09-30,40.583333333333336,273,46.97835497835497
2022,2022-10-01,48.666666666666664,274,44.89502164502164
2022,2022-10-02,54.541666666666664,275,43.22537878787879
2022,2022-10-03,32.333333333333336,276,41.26704545454545
2022,2022-10-04,37.208333333333336,277,41.14502164502165
2022,2022-10-05,36.125,278,40.671807359307365
2022,2022-10-06,45.208333333333336,279,41.26704545454545
2022,2022-10-07,24.75,280,41.401785714285715
2022,2022-10-08,41.375,281,41.21130952380952
2022,2022-10-09,24.583333333333332,282,41.327380952380956
2022,2022-10-10,48.708333333333336,283,39.62202380952381
2022,2022-10-11,43.125,284,40.51190476190476
2022,2022-10-12,54.666666666666664,285,39.78273809523809
2022,2022-10-13,47.75,286,38.76190476190476
2022,2022-10-14,37.916666666666664,287,36.71130952380952
2022,2022-10-15,50.291666666666664,288,37.089285714285715
2022,2022-10-16,30.666666666666668,289,36.485119047619044
2022,2022-10-17,44.791666666666664,290,36.598214285714285
2022,2022-10-18,27.0,291,34.51700680272109
2022,2022-10-19,21.833333333333332,292,32.92474489795918
2022,2022-10-20,16.5,293,29.94557823129252
2022,2022-10-21,30.041666666666668,294,28.552721088435373
2022,2022-10-22,32.916666666666664,295,28.5437925170068
2022,2022-10-23,26.166666666666668,296,27.07057823129252
2022,2022-10-24,19.571428571428573,297,27.467058562555454
2022,2022-10-25,20.833333333333332,298,26.24979665779355
2022,2022-10-26,12.958333333333334,299,27.11884427684117
2022,2022-10-27,28.25,300,27.17836808636498
2022,2022-10-28,37.791666666666664,301,27.661701419698314
2022,2022-10-29,29.666666666666668,302,27.955428525925416
2022,2022-10-30,36.21739130434783,303,26.854238049734942
2022,2022-10-31,27.75,304,26.65483328783018
2022,2022-11-01,39.166666666666664,305,27.60806458034719
2022,2022-11-02,22.666666666666668,306,28.884850294632905
2022,2022-11-03,23.266666666666666,307,30.00687410415671
2022,2022-11-08,34.15384615384615,312,29.236040770823376
2022,2022-11-09,17.5,313,27.405683627966237
2022,2022-11-10,23.375,314,27.54637626865888
2022,2022-11-11,32.916666666666664,315,26.828467365967366
2022,2022-11-12,38.708333333333336,316,26.953467365967366
2022,2022-11-13,28.666666666666668,317,27.102276889776892
2022,2022-11-14,17.458333333333332,318,27.893943556443556
2022,2022-11-15,12.166666666666666,319,27.746919746919747
2022,2022-11-16,31.636363636363637,320,29.13474025974026
2022,2022-11-17,26.166666666666668,321,29.107954545454543
2022,2022-11-18,29.5,322,28.343073593073594
2022,2022-11-19,41.25,323,27.343073593073594
2022,2022-11-20,33.75,324,26.14664502164502
2022,2022-11-21,21.208333333333332,325,25.262716450216452
2022,2022-11-22,53.583333333333336,326,25.411525974025977
2022,2022-11-23,17.125,327,26.474025974025974
2022,2022-11-24,12.666666666666666,328,25.324404761904763
2022,2022-11-25,18.916666666666668,329,24.934948979591837
2022,2022-11-26,21.958333333333332,330,24.21471088435374
2022,2022-11-27,16.291666666666668,331,22.917091836734695
2022,2022-11-28,19.541666666666668,332,22.6016156462585
2022,2022-11-29,27.041666666666668,333,22.423044217687075
2022,2022-11-30,15.541666666666666,334,20.298044217687075
2022,2022-12-01,20.714285714285715,335,19.434948979591834
2022,2022-12-02,19.416666666666668,336,18.780187074829932
2022,2022-12-03,23.083333333333332,337,18.3516156462585
2022,2022-12-04,29.333333333333332,338,19.080782312925173
2022,2022-12-05,18.708333333333332,339,20.610544217687075
2022,2022-12-06,23.833333333333332,340,20.34566326530612
2022,2022-12-07,5.041666666666667,341,18.872448979591837
2022,2022-12-08,3.5,342,18.39030612244898
2022,2022-12-09,12.916666666666666,343,17.96428571428571
2022,2022-12-10,32.166666666666664,344,18.095238095238095
2022,2022-12-11,37.708333333333336,345,17.065476190476193
2022,2022-12-12,15.833333333333334,346,15.967261904761903
2022,2022-12-13,6.416666666666667,347,15.282738095238093
2022,2022-12-14,8.791666666666666,348,14.301785714285716
2022,2022-12-15,14.75,349,15.206547619047617
2022,2022-12-16,21.25,350,16.197619047619046
2022,2022-12-17,8.666666666666666,351,17.26607142857143
2022,2022-12-18,13.958333333333334,352,16.816666666666666
2022,2022-12-19,9.125,353,15.111309523809524
2022,2022-12-20,10.1,354,14.926785714285714
2022,2022-12-21,17.708333333333332,355,15.266071428571427
2022,2022-12-22,17.375,356,15.411904761904763
2022,2022-12-23,27.875,357,14.882142857142858
2022,2022-12-24,25.875,358,14.833673469387756
2022,2022-12-25,13.833333333333334,359,15.99141156462585
2022,2022-12-26,13.25,360,16.1478021978022
2022,2022-12-27,11.166666666666666,361,16.733035714285716
2022,2022-12-28,10.833333333333334,362,17.33603896103896
2022,2022-12-29,7.333333333333333,363,17.298809523809524
2022,2022-12-30,20.571428571428573,364,17.290343915343914
2022,2022-12-31,24.875,365,15.967261904761905
2023,2023-01-01,13.333333333333334,1,14.541666666666668
2023,2023-01-02,7.541666666666667,2,14.84375
2023,2023-01-03,15.333333333333334,3,18.087962962962965
2023,2023-01-04,8.25,4,19.429166666666667
2023,2023-01-05,10.458333333333334,5,18.818181818181817
2023,2023-01-06,24.5,6,19.23263888888889
2023,2023-01-07,22.375,7,19.134615384615383
2023,2023-01-08,16.958333333333332,8,19.151785714285715
2023,2023-01-09,44.041666666666664,9,20.735119047619044
2023,2023-01-10,31.5,10,23.169642857142858
2023,2023-01-11,12.708333333333334,11,26.013690476190476
2023,2023-01-12,23.791666666666668,12,29.323214285714283
2023,2023-01-13,17.958333333333332,13,32.19226190476191
2023,2023-01-14,19.375,14,32.36785714285715
2023,2023-01-15,35.5,15,34.03452380952381
2023,2023-01-16,41.625,16,35.30833333333333
2023,2023-01-17,55.15,17,34.10892857142857
2023,2023-01-18,54.583333333333336,18,33.49285714285715
2023,2023-01-19,50.625,19,34.769642857142856
2023,2023-01-20,26.958333333333332,20,34.701190476190476
2023,2023-01-21,45.708333333333336,21,35.082142857142856
2023,2023-01-22,34.791666666666664,22,35.73392857142857
2023,2023-01-23,27.25,23,35.44523809523809
2023,2023-01-24,22.875,24,35.385714285714286
2023,2023-01-25,30.583333333333332,25,33.363095238095234
2023,2023-01-26,22.833333333333332,26,30.753759398496243
2023,2023-01-27,23.291666666666668,27,28.732926065162907
2023,2023-01-28,28.5,28,28.37280701754386
2023,2023-01-29,31.458333333333332,29,26.62875939849624
2023,2023-01-30,40.791666666666664,30,24.21506892230576
2023,2023-01-31,26.833333333333332,31,24.417708673858556
2023,2023-02-01,18.05263157894737,32,26.831399150049034
2023,2023-02-02,22.333333333333332,33,28.6855658167157
2023,2023-02-03,21.916666666666668,34,31.120089626239512
2023,2023-02-04,21.291666666666668,35,31.953422959572844
2023,2023-02-05,1.0,36,32.20639915004903
2023,2023-02-06,30.08695652173913,37,33.06354200719189
2023,2023-02-07,56.666666666666664,38,32.9355658167157
2023,2023-02-08,56.541666666666664,39,33.96532772147761
2023,2023-02-09,56.916666666666664,40,34.85442546583851
2023,2023-02-10,34.958333333333336,41,35.024068322981364
2023,2023-02-11,32.041666666666664,42,34.679371353284395
2023,2023-02-12,43.458333333333336,43,35.40853801995106
2023,2023-02-13,39.0,44,37.09306182947488
2023,2023-02-14,41.25,45,37.518398268398265
2023,2023-02-15,30.5,46,35.378517316017316
2023,2023-02-16,24.708333333333332,47,34.896374458874455
2023,2023-02-17,17.09090909090909,48,33.21482683982684
2023,2023-02-18,31.5,49,33.98566017316017
2023,2023-02-19,24.583333333333332,50,34.372564935064936
2023,2023-02-20,36.041666666666664,51,34.78625541125541
2023,2023-02-21,26.708333333333332,52,35.4767316017316
2023,2023-02-22,49.791666666666664,53,35.65827922077922
2023,2023-02-23,33.375,54,36.934253246753244
2023,2023-02-24,45.75,55,38.1366341991342
2023,2023-02-25,37.458333333333336,56,39.4069264069264
2023,2023-02-26,49.25,57,40.73430735930736
2023,2023-02-27,48.666666666666664,58,42.037878787878796
2023,2023-02-28,43.791666666666664,59,42.08549783549783
2023,2023-03-01,48.36363636363637,60,42.133116883116884
2023,2023-03-02,41.541666666666664,61,41.11525974025974
2023,2023-03-03,34.875,62,40.77597402597403
2023,2023-03-04,50.083333333333336,63,41.77002164502164
2023,2023-03-05,42.833333333333336,64,43.171807359307365
2023,2023-03-06,36.708333333333336,65,42.44859307359308
2023,2023-03-07,27.375,66,41.53787878787879
2023,2023-03-08,35.541666666666664,67,43.195616883116884
2023,2023-03-09,28.625,68,43.278486394557824
2023,2023-03-10,59.666666666666664,69,43.269557823129254
2023,2023-03-11,57.083333333333336,70,45.644557823129254
2023,2023-03-12,39.125,71,46.81420068027211
2023,2023-03-13,35.916666666666664,72,48.7546768707483
2023,2023-03-14,67.0,73,50.36479591836735
2023,2023-03-15,49.523809523809526,74,52.35884353741496
2023,2023-03-16,41.416666666666664,75,53.68622448979591
2023,2023-03-17,68.125,76,56.37074829931972
2023,2023-03-18,66.45833333333333,77,55.76658163265306
2023,2023-03-19,70.0,78,55.474914965986386
2023,2023-03-20,59.25,79,56.57157645666962
2023,2023-03-21,55.291666666666664,80,58.88110026619343
2023,2023-03-22,54.125,81,58.518005028098194
2023,2023-03-23,66.20833333333333,82,59.41213768115942
2023,2023-03-24,51.208333333333336,83,60.5758281573499
2023,2023-03-25,53.0,84,59.47761387163562
2023,2023-03-26,54.47826086956522,85,59.3555900621118
2023,2023-03-27,68.25,86,59.281185300207035
2023,2023-03-28,61.916666666666664,87,59.36154244306418
2023,2023-03-29,62.041666666666664,88,59.83773291925466
2023,2023-03-30,57.708333333333336,89,59.35136073880353
2023,2023-03-31,52.75,90,58.15493216737496
2023,2023-04-01,64.75,91,59.6727893102321
2023,2023-04-02,68.95833333333333,92,60.750170262613054
2023,2023-04-03,60.375,93,61.54041353383458
2023,2023-04-04,61.958333333333336,94,60.45410401002506
2023,2023-04-05,47.31578947368421,95,59.400532581453625
2023,2023-04-06,49.458333333333336,96,58.29636591478697
2023,2023-04-07,72.45833333333333,97,59.213032581453625
2023,2023-04-08,68.08333333333333,98,59.98981829573934
2023,2023-04-09,65.54166666666667,99,59.88862781954888
2023,2023-04-10,53.041666666666664,100,59.826127819548866
2023,2023-04-11,47.166666666666664,101,59.40350877192982
2023,2023-04-12,46.583333333333336,102,59.44815162907268
2023,2023-04-13,70.54166666666667,103,60.5
2023,2023-04-14,63.625,104,61.24365942028986
2023,2023-04-15,63.333333333333336,105,60.87461180124224
2023,2023-04-16,68.08333333333333,106,60.49365942028986
2023,2023-04-17,54.458333333333336,107,60.7585403726708
2023,2023-04-18,62.583333333333336,108,61.029373706004144
2023,2023-04-19,62.041666666666664,109,61.27342132505176
2023,2023-04-20,59.869565217391305,110,60.87163561076604
2023,2023-04-21,67.29166666666667,111,58.23770703933747
2023,2023-04-22,62.75,112,55.52342132505176
2023,2023-04-23,69.25,113,53.770445134575574
2023,2023-04-24,56.833333333333336,114,52.54127846790891
2023,2023-04-25,50.583333333333336,115,52.270445134575574
2023,2023-04-26,40.958333333333336,116,50.82699275362319
2023,2023-04-27,33.666666666666664,117,50.06806418219462
2023,2023-04-28,25.625,118,50.26488095238095
2023,2023-04-29,38.791666666666664,119,49.79291979949875
2023,2023-04-30,50.875,120,47.82863408521303
2023,2023-05-01,50.666666666666664,121,47.02208646616542
2023,2023-05-02,42.375,122,45.69470551378446
2023,2023-05-03,51.416666666666664,123,44.43577694235589
2023,2023-05-04,62.625,124,45.10244360902256
2023,2023-05-05,60.68421052631579,125,46.920895989974944
2023,2023-05-06,35.25,126,48.8405388471178
2023,2023-05-07,57.958333333333336,127,49.10839598997494
2023,2023-05-08,38.25,128,48.825657894736835
2023,2023-05-09,32.958333333333336,129,48.84946741854636
2023,2023-05-10,50.291666666666664,130,49.74445041174364
2023,2023-05-11,59.125,131,50.64623612602936
2023,2023-05-12,52.5,132,50.19087898317222
2023,2023-05-13,42.541666666666664,133,49.96641156462585
2023,2023-05-14,46.916666666666664,134,52.04974489795918
2023,2023-05-15,51.0,135,52.338435374149654
2023,2023-05-16,54.904761904761905,136,53.6985544217687
2023,2023-05-17,64.04166666666667,137,55.46343537414966
2023,2023-05-18,56.25,138,55.1687925170068
2023,2023-05-19,57.541666666666664,139,54.332482993197274
2023,2023-05-20,64.41666666666667,140,53.56164965986394
2023,2023-05-21,62.0,141,53.002125850340136
2023,2023-05-22,57.291666666666664,142,53.64200680272109
2023,2023-05-23,57.666666666666664,143,55.240221088435376
2023,2023-05-24,46.166666666666664,144,55.919642857142854
2023,2023-05-25,47.416666666666664,145,55.80654761904763
2023,2023-05-26,41.708333333333336,146,56.63154761904762
2023,2023-05-27,34.708333333333336,147,56.42321428571428
2023,2023-05-28,55.875,148,55.628571428571426
2023,2023-05-29,73.375,149,55.03630952380952
2023,2023-05-30,64.41666666666667,150,55.09285714285715
2023,2023-05-31,62.458333333333336,151,54.9827380952381
2023,2023-06-01,67.8,152,55.697023809523806
2023,2023-06-02,54.625,153,55.79226190476191
2023,2023-06-03,53.291666666666664,154,56.10476190476191
2023,2023-06-04,53.708333333333336,155,57.573647186147184
2023,2023-06-05,58.083333333333336,156,58.7309274059274
2023,2023-06-06,56.125,157,57.2593364968365
2023,2023-06-07,56.166666666666664,158,57.17897935397935
2023,2023-06-08,48.75,159,57.2593364968365
2023,2023-06-09,46.083333333333336,160,56.303384115884114
2023,2023-06-10,55.27272727272727,161,57.94624125874126
2023,2023-06-12,72.07692307692308,163,59.75874125874127
2023,2023-06-13,52.77272727272727,164,62.041479353979355
2023,2023-06-14,63.291666666666664,165,62.00874125874126
2023,2023-06-15,63.583333333333336,166,62.365884115884114
2023,2023-06-16,54.416666666666664,167,62.38671744921745
2023,2023-06-17,77.625,168,63.29743173493174
2023,2023-06-18,78.66666666666667,169,64.48790792540792
2023,2023-06-19,85.66666666666667,170,64.06961788211788
2023,2023-06-20,57.625,171,62.165313852813846
2023,2023-06-21,61.125,172,62.44047619047619
2023,2023-06-22,56.458333333333336,173,61.836309523809526
2023,2023-06-23,61.5,174,60.851190476190474
2023,2023-06-24,62.75,175,62.25340136054422
2023,2023-06-25,49.416666666666664,176,60.97363945578231
2023,2023-06-26,45.416666666666664,177,59.49744897959183
2023,2023-06-27,56.625,178,56.72066326530613
2023,2023-06-28,54.833333333333336,179,55.62840136054422
2023,2023-06-29,49.791666666666664,180,54.08673469387755
2023,2023-06-30,74.04761904761905,181,52.949829931972786
2023,2023-07-01,59.708333333333336,182,51.61352040816326
2023,2023-07-02,58.0,183,51.72066326530612
2023,2023-07-03,46.791666666666664,184,51.79209183673469
2023,2023-07-04,42.333333333333336,185,52.20578231292517
2023,2023-07-05,39.541666666666664,186,49.756377551020414
2023,2023-07-06,40.541666666666664,187,48.821853741496604
2023,2023-07-07,42.791666666666664,188,48.6641156462585
2023,2023-07-08,64.25,189,47.220238095238095
2023,2023-07-09,50.416666666666664,190,46.726190476190474
2023,2023-07-10,51.208333333333336,191,45.86309523809524
2023,2023-07-11,22.333333333333332,192,45.17729591836735
2023,2023-07-12,41.75,193,44.73681972789115
2023,2023-07-13,47.583333333333336,194,45.08205782312924
2023,2023-07-14,53.833333333333336,195,45.715986394557824
2023,2023-07-15,52.791666666666664,196,46.507653061224495
2023,2023-07-16,45.916666666666664,197,45.93622448979592
2023,2023-07-17,37.19047619047619,198,46.16836734693878
2023,2023-07-18,36.166666666666664,199,45.481408472479906
2023,2023-07-19,44.375,200,47.665081941867655
2023,2023-07-20,49.416666666666664,201,48.07749690785405
2023,2023-07-21,53.875,202,48.02154452690167
2023,2023-07-22,56.25,203,49.36678262213976
2023,2023-07-23,53.666666666666664,204,49.7030921459493
2023,2023-07-24,41.59090909090909,205,49.94118738404453
2023,2023-07-25,52.904761904761905,206,50.564486703772424
2023,2023-07-26,47.523809523809526,207,51.276607915893635
2023,2023-07-27,46.8,208,51.64565553494125
2023,2023-07-28,72.66666666666667,209,51.36886982065554
2023,2023-07-29,57.5,210,50.94922696351268
2023,2023-07-30,49.25,211,51.3480364873222
2023,2023-07-31,45.916666666666664,212,51.05041743970315
2023,2023-08-01,46.13636363636363,213,51.868328695114414
2023,2023-08-02,49.541666666666664,214,51.78882189239332
2023,2023-08-03,45.541666666666664,215,52.33474025974026
2023,2023-08-04,48.0,216,53.09902597402597
2023,2023-08-05,61.833333333333336,217,51.74485930735931
2023,2023-08-06,49.5,218,52.85497835497835
2023,2023-08-07,53.041666666666664,219,53.07521645021645
2023,2023-08-08,51.791666666666664,220,53.65557359307359
2023,2023-08-09,55.166666666666664,221,54.985119047619044
2023,2023-08-10,57.5,222,56.10551948051948
2023,2023-08-11,53.708333333333336,223,57.724567099567096
2023,2023-08-12,73.04166666666667,224,58.644209956709965
2023,2023-08-13,52.333333333333336,225,58.79599567099567
2023,2023-08-14,54.041666666666664,226,58.35551948051948
2023,2023-08-15,64.75,227,57.82278138528138
2023,2023-08-16,65.22727272727273,228,58.51623376623377
2023,2023-08-17,68.20833333333333,229,58.08766233766234
2023,2023-08-18,60.875,230,57.95670995670996
2023,2023-08-19,63.958333333333336,231,59.43587662337662
2023,2023-08-20,43.333333333333336,232,59.07575757575758
2023,2023-08-21,45.583333333333336,233,58.45075757575757
2023,2023-08-22,61.5,234,57.99242424242424
2023,2023-08-23,49.166666666666664,235,56.843614718614724
2023,2023-08-24,55.666666666666664,236,55.98809523809524
2023,2023-08-25,74.41666666666667,237,55.054846938775505
2023,2023-08-26,68.0,238,54.557823129251695
2023,2023-08-27,43.583333333333336,239,54.51615646258504
2023,2023-08-28,47.625,240,56.93579931972789
2023,2023-08-29,48.666666666666664,241,58.9655612244898
2023,2023-08-30,53.25,242,59.33163265306122
2023,2023-08-31,55.142857142857146,243,61.0280612244898
2023,2023-09-01,53.916666666666664,244,61.79591836734694
2023,2023-09-02,63.375,245,60.68579931972789
2023,2023-09-03,77.20833333333333,246,60.13818027210884
2023,2023-09-04,74.0,247,61.74234693877552
2023,2023-09-05,66.625,248,62.98937074829932
2023,2023-09-06,72.91666666666667,249,63.129251700680264
2023,2023-09-07,66.41666666666667,250,63.483418367346935
2023,2023-09-08,58.875,251,63.172619047619044
2023,2023-09-09,60.333333333333336,252,62.18478260869565
2023,2023-09-10,66.04166666666667,253,60.59847308488613
2023,2023-09-11,65.08333333333333,254,58.68478260869565
2023,2023-09-12,50.625,255,57.256211180124225
2023,2023-09-13,58.208333333333336,256,55.28894927536232
2023,2023-09-14,50.791666666666664,257,53.67585403726708
2023,2023-09-15,40.08695652173913,258,52.28597308488612
2023,2023-09-16,41.166666666666664,259,51.56573498964803
2023,2023-09-17,50.416666666666664,260,51.39311594202899
2023,2023-09-18,54.0,261,50.97942546583851
2023,2023-09-19,39.083333333333336,262,50.16097308488613
2023,2023-09-20,50.333333333333336,263,49.931806418219466
2023,2023-09-21,46.958333333333336,264,48.830615942028984
2023,2023-09-22,48.791666666666664,265,48.90502070393375
2023,2023-09-23,57.916666666666664,266,48.875
2023,2023-09-24,60.25,267,48.81547619047619
2023,2023-09-25,53.625,268,49.13392857142857
2023,2023-09-26,47.416666666666664,269,49.529761904761905
2023,2023-09-27,42.791666666666664,270,50.726190476190474
2023,2023-09-28,51.833333333333336,271,51.10610766045549
2023,2023-09-29,39.666666666666664,272,51.094202898550726
2023,2023-09-30,40.333333333333336,273,51.412655279503106
2023,2023-10-01,54.875,274,51.162655279503106
2023,2023-10-02,59.541666666666664,275,50.39479813664597
2023,2023-10-03,55.833333333333336,276,49.96325051759834
2023,2023-10-04,55.65217391304348,277,50.19836956521739
2023,2023-10-05,46.791666666666664,278,50.41860766045549
2023,2023-10-06,53.25,279,51.109083850931675
2023,2023-10-07,54.416666666666664,280,52.24896480331263
2023,2023-10-08,49.5,281,53.097179089026916
2023,2023-10-09,47.583333333333336,282,51.781702898550726
2023,2023-10-10,50.708333333333336,283,50.222179089026916
2023,2023-10-11,45.875,284,48.38289337474121
2023,2023-10-12,61.5,285,45.82559523809523
2023,2023-10-13,55.625,286,45.06369047619047
2023,2023-10-14,52.208333333333336,287,45.01309523809524
2023,2023-10-15,36.458333333333336,288,45.170833333333334
2023,2023-10-16,37.708333333333336,289,45.27202380952381
2023,2023-10-17,30.083333333333332,290,45.292857142857144
2023,2023-10-18,19.85,291,44.91190476190476
2023,2023-10-19,36.125,292,44.89702380952381
2023,2023-10-20,52.541666666666664,293,42.77797619047619
2023,2023-10-21,56.625,294,42.67380952380952
2023,2023-10-22,50.916666666666664,295,42.03988095238095
2023,2023-10-23,47.875,296,42.90465838509317
2023,2023-10-24,45.375,297,42.1100155279503
2023,2023-10-25,45.666666666666664,298,42.55942028985506
2023,2023-10-26,31.833333333333332,299,43.820134575569355
2023,2023-10-27,54.166666666666664,300,44.91537267080746
2023,2023-10-28,43.333333333333336,301,45.257634575569355
2023,2023-10-29,48.56521739130435,302,44.64156314699793
2023,2023-10-30,26.583333333333332,303,45.27846790890269
2023,2023-10-31,36.375,304,44.89751552795031
2023,2023-11-01,37.5,305,44.67430124223603
2023,2023-11-02,51.458333333333336,306,44.45406314699793
2023,2023-11-03,57.333333333333336,307,44.126682194616976
2023,2023-11-04,48.0,308,42.71001552795031
2023,2023-11-05,59.833333333333336,309,41.62965838509317
2023,2023-11-06,42.541666666666664,310,40.08630952380952
2023,2023-11-07,42.25,311,39.38095238095239
2023,2023-11-08,42.583333333333336,312,38.032738095238095
2023,2023-11-09,27.25,313,37.12797619047619
2023,2023-11-10,34.333333333333336,314,34.830357142857146
2023,2023-11-11,28.208333333333332,315,32.642857142857146
2023,2023-11-12,26.958333333333332,316,32.13392857142857
2023,2023-11-13,16.708333333333332,317,28.821428571428573
2023,2023-11-14,17.5,318,26.70790816326531
2023,2023-11-15,24.833333333333332,319,25.82048580301686
2023,2023-11-16,19.291666666666668,320,25.088342945874
2023,2023-11-17,26.708333333333332,321,25.33239056492162
2023,2023-11-18,40.875,322,25.094295326826387
2023,2023-11-19,13.458333333333334,323,25.195485803016858
2023,2023-11-20,12.952380952380953,324,26.159771517302573
2023,2023-11-21,29.82608695652174,325,26.969295326826387
2023,2023-11-22,32.333333333333336,326,27.725247707778767
2023,2023-11-23,30.666666666666668,327,27.638938183969238
2023,2023-11-24,31.0,328,27.478223898254956
2023,2023-11-25,29.625,329,27.912747707778767
2023,2023-11-26,40.458333333333336,330,27.775842945874007
2023,2023-11-27,28.041666666666668,331,29.63000961254067
2023,2023-11-28,28.083333333333332,332,31.648291925465838
2023,2023-11-29,23.625,333,31.436688311688307
2023,2023-11-30,17.041666666666668,334,31.320616883116884
2023,2023-12-01,32.791666666666664,335,31.520021645021643
2023,2023-12-02,38.958333333333336,336,31.264069264069263
2023,2023-12-03,39.416666666666664,337,31.639069264069263
2023,2023-12-04,41.208333333333336,338,30.05275974025974
2023,2023-12-05,26.863636363636363,339,29.320191713048853
2023,2023-12-06,30.708333333333332,340,28.64459647495362
2023,2023-12-07,33.458333333333336,341,29.21602504638219
2023,2023-12-08,27.416666666666668,342,30.311263141620284
2023,2023-12-09,34.875,343,29.376739332096474
2023,2023-12-10,18.25,344,28.332096474953612
2023,2023-12-11,17.785714285714285,345,26.67733457019171
2023,2023-12-12,18.625,346,24.028525046382185
2023,2023-12-13,31.625,347,22.993622448979597
2023,2023-12-14,32.375,348,21.877551020408163
2023,2023-12-15,19.708333333333332,349,21.511479591836736
2023,2023-12-16,24.333333333333332,350,21.850765306122447
2023,2023-12-17,16.25,351,22.103741496598637
2023,2023-12-18,4.125,352,23.419217687074827
2023,2023-12-19,12.375,353,23.089285714285715
2023,2023-12-20,15.083333333333334,354,22.241071428571427
2023,2023-12-21,28.333333333333332,355,20.907142857142855
2023,2023-12-22,32.166666666666664,356,19.98154761904762
2023,2023-12-23,38.416666666666664,357,19.353571428571428
2023,2023-12-24,36.666666666666664,358,18.99642857142857
2023,2023-12-25,13.166666666666666,359,19.770238095238092
2023,2023-12-26,6.75,360,20.973717948717947
2023,2023-12-27,12.95,361,21.690277777777776
2023,2023-12-28,19.416666666666668,362,22.290909090909086
2023,2023-12-29,10.916666666666666,363,21.686666666666664
2023,2023-12-30,19.333333333333332,364,20.522222222222222
2023,2023-12-31,27.083333333333332,365,18.285416666666663
2024,2024-01-01,16.708333333333332,1,18.25425170068027
2024,2024-01-02,17.666666666666668,2,19.415178571428573
2024,2024-01-03,18.958333333333332,3,20.12367724867725
2024,2024-01-04,10.25,4,21.89464285714286
2024,2024-01-09,27.571428571428573,9,21.90422077922078
2024,2024-01-10,16.916666666666668,10,20.852017195767196
2024,2024-01-11,19.708333333333332,11,21.324938949938954
2024,2024-01-12,27.541666666666668,12,22.682681405895693
2024,2024-01-13,25.791666666666668,13,23.885062358276645
2024,2024-01-14,37.833333333333336,14,25.411848072562357
2024,2024-01-15,22.0,15,26.82851473922903
2024,2024-01-16,9.277777777777779,16,28.143990929705215
2024,2024-01-17,27.0,17,27.359126984126984
2024,2024-01-18,40.333333333333336,18,26.746031746031747
2024,2024-01-19,33.541666666666664,19,25.686507936507933
2024,2024-01-20,39.041666666666664,20,24.085317460317462
2024,2024-01-21,38.791666666666664,21,22.960317460317462
2024,2024-01-22,28.666666666666668,22,23.12996031746032
2024,2024-01-23,16.583333333333332,23,24.677579365079367
2024,2024-01-24,8.333333333333334,24,27.333333333333336
2024,2024-01-25,4.875,25,28.294047619047614
2024,2024-01-26,5.125,26,26.61845238095238
2024,2024-01-27,10.041666666666666,27,25.04107142857143
2024,2024-01-28,40.208333333333336,28,23.85952380952381
2024,2024-01-29,43.666666666666664,29,22.25238095238095
2024,2024-01-30,46.458333333333336,30,21.201785714285716
2024,2024-01-31,40.45,31,22.026190476190475
2024,2024-02-01,16.875,32,23.40416666666667
2024,2024-02-02,11.458333333333334,33,25.368452380952384
2024,2024-02-03,22.5,34,27.710714285714285
2024,2024-02-04,16.291666666666668,35,30.55892857142857
2024,2024-02-05,13.958333333333334,36,31.9875
2024,2024-02-06,28.125,37,31.910119047619048
2024,2024-02-07,27.625,38,31.076785714285712
2024,2024-02-08,32.375,39,29.252976190476193
2024,2024-02-09,37.916666666666664,40,30.08658008658009
2024,2024-02-10,49.916666666666664,41,32.35741341991342
2024,2024-02-11,60.208333333333336,42,33.06277056277056
2024,2024-02-12,42.583333333333336,43,35.027056277056275
2024,2024-02-13,34.791666666666664,44,35.342532467532465
2024,2024-02-14,14.916666666666666,45,35.390151515151516
2024,2024-02-15,28.545454545454547,46,37.163961038961034
2024,2024-02-16,43.25,47,38.402056277056275
2024,2024-02-17,32.375,48,39.90503246753247
2024,2024-02-18,43.791666666666664,49,40.467532467532465
2024,2024-02-19,18.375,50,39.568722943722946
2024,2024-02-20,28.791666666666668,51,39.04788961038961
2024,2024-02-21,52.458333333333336,52,39.0836038961039
2024,2024-02-22,49.708333333333336,53,40.99431818181818
2024,2024-02-23,58.958333333333336,54,41.90665584415584
2024,2024-02-24,57.791666666666664,55,42.65070346320346
2024,2024-02-25,47.625,56,44.570346320346324
2024,2024-02-26,35.291666666666664,57,46.27867965367965
2024,2024-02-27,35.291666666666664,58,48.763798701298704
2024,2024-02-28,41.666666666666664,59,49.18641774891774
2024,2024-02-29,41.31818181818182,60,49.33522727272727
2024,2024-03-01,53.666666666666664,61,49.52570346320346
2024,2024-03-02,59.25,62,49.90367965367965
2024,2024-03-03,67.70833333333333,63,49.81439393939394
2024,2024-03-04,53.166666666666664,64,50.37987012987013
2024,2024-03-05,34.708333333333336,65,51.91260822510822
2024,2024-03-06,54.541666666666664,66,53.38284632034631
2024,2024-03-07,52.375,67,53.22510822510822
2024,2024-03-08,64.25,68,54.02976190476191
2024,2024-03-09,56.541666666666664,69,54.238095238095234
2024,2024-03-10,55.541666666666664,70,52.919642857142854
2024,2024-03-11,56.75,71,51.398809523809526
2024,2024-03-12,55.875,72,50.24404761904761
2024,2024-03-13,39.458333333333336,73,49.961309523809526
2024,2024-03-14,52.583333333333336,74,49.413690476190474
2024,2024-03-15,56.583333333333336,75,49.729166666666664
2024,2024-03-16,40.791666666666664,76,47.50892857142857
2024,2024-03-17,46.416666666666664,77,47.288690476190474
2024,2024-03-18,37.0,78,47.886904761904766
2024,2024-03-19,30.75,79,47.4375
2024,2024-03-20,46.875,80,47.24107142857143
2024,2024-03-21,56.791666666666664,81,48.68154761904761
2024,2024-03-22,33.166666666666664,82,49.919642857142854
2024,2024-03-23,53.458333333333336,83,51.157738095238095
2024,2024-03-24,63.916666666666664,84,53.75297619047619
2024,2024-03-25,50.458333333333336,85,55.54930124223603
2024,2024-03-26,53.125,86,57.7784679089027
2024,2024-03-27,59.625,87,60.433229813664596
2024,2024-03-28,69.91666666666667,88,61.11180124223603
2024,2024-03-29,73.91666666666667,89,60.19811076604555
2024,2024-03-30,77.125,90,61.60882505175983
2024,2024-03-31,71.56521739130434,91,62.9034679089027
2024,2024-04-01,68.20833333333333,92,63.23680124223602
2024,2024-04-02,67.91666666666667,93,63.34692028985507
2024,2024-04-03,56.375,94,64.80737947352854
2024,2024-04-04,44.0,95,65.03059375924283
2024,2024-04-05,52.916666666666664,96,64.07523661638568
2024,2024-04-06,71.58333333333333,97,61.43833185448092
2024,2024-04-07,68.58333333333333,98,59.52166518781426
2024,2024-04-08,52.0,99,58.85926870748299
2024,2024-04-09,73.57142857142857,100,57.63631322094055
2024,2024-04-10,62.75,101,57.40119417332149
2024,2024-04-11,56.541666666666664,102,58.51131322094055
2024,2024-04-12,37.0,103,60.32976560189292
2024,2024-04-13,50.291666666666664,104,61.597622744750076
2024,2024-04-14,62.291666666666664,105,61.79405131617864
2024,2024-04-15,51.08695652173913,106,62.14821798284532
2024,2024-04-16,64.625,107,62.7791703637977
2024,2024-04-17,71.91666666666667,108,62.27406832298137
2024,2024-04-18,69.45833333333333,109,62.8276397515528
2024,2024-04-19,70.66666666666667,110,63.714544513457554
2024,2024-04-20,74.33333333333333,111,65.58359213250517
2024,2024-04-21,73.54166666666667,112,67.79490165631469
2024,2024-04-22,60.833333333333336,113,68.14013975155281
2024,2024-04-23,66.5,114,68.26488095238095
2024,2024-04-24,70.5,115,67.94940476190476
2024,2024-04-25,68.95833333333333,116,66.53571428571429
2024,2024-04-26,63.166666666666664,117,66.55059523809524
2024,2024-04-27,81.25,118,65.97797619047618
2024,2024-04-28,67.125,119,65.52857142857144
2024,2024-04-29,52.833333333333336,120,64.87083333333332
2024,2024-04-30,60.208333333333336,121,65.21011904761905
2024,2024-05-01,52.125,122,65.19821428571429
2024,2024-05-02,69.66666666666667,123,64.62678571428572
2024,2024-05-03,62.65,124,64.95119047619048
2024,2024-05-04,68.04166666666667,125,64.1952380952381
2024,2024-05-05,64.33333333333333,126,63.314285714285724
2024,2024-05-06,65.58333333333333,127,62.16547619047619
2024,2024-05-07,66.33333333333333,128,63.06726190476191
2024,2024-05-08,62.5,129,63.62380952380953
2024,2024-05-09,73.5,130,63.15059523809524
2024,2024-05-10,52.583333333333336,131,61.882738095238096
2024,2024-05-11,68.91666666666667,132,61.115530303030305
2024,2024-05-12,51.041666666666664,133,60.39826839826839
2024,2024-05-13,65.45833333333333,134,59.90124458874459
2024,2024-05-14,68.0,135,59.57386363636363
2024,2024-05-15,45.5,136,59.21374458874459
2024,2024-05-16,51.916666666666664,137,59.939935064935064
2024,2024-05-17,51.90909090909091,138,59.14231601731602
2024,2024-05-18,58.0,139,59.990530303030305
2024,2024-05-19,57.375,140,59.44291125541125
2024,2024-05-20,61.0,141,60.34172077922078
2024,2024-05-21,61.291666666666664,142,59.794101731601735
2024,2024-05-22,72.66666666666667,143,58.32386363636363
2024,2024-05-23,62.333333333333336,144,59.08874458874459
2024,2024-05-24,64.45833333333333,145,59.94291125541126
2024,2024-05-25,61.25,146,60.18154761904763
2024,2024-05-26,63.625,147,61.38933982683983
2024,2024-05-27,57.791666666666664,148,62.03814935064935
2024,2024-05-28,47.416666666666664,149,62.016410220214574
2024,2024-05-29,56.208333333333336,150,61.21283879164314
2024,2024-05-30,63.875,151,61.73367212497647
2024,2024-05-31,55.25,152,62.32593402973838
2024,2024-06-04,74.9090909090909,156,61.01938641069076
2024,2024-06-05,66.45833333333333,157,59.343791172595516
2024,2024-06-06,60.69565217391305,158,57.781291172595516
2024,2024-06-07,50.041666666666664,159,57.50152926783361
2024,2024-06-08,79.95833333333333,160,58.13248164878599
2024,2024-06-09,70.625,161,57.89141022021456
2024,2024-06-10,46.166666666666664,162,56.81402926783361
2024,2024-06-11,37.791666666666664,163,56.63248164878599
2024,2024-06-12,41.75,164,55.681182947487294
2024,2024-06-13,53.875,165,54.98475437605873
2024,2024-06-14,56.25,166,54.893398268398265
2024,2024-06-15,52.833333333333336,167,55.875541125541126
2024,2024-06-16,48.791666666666664,168,55.60470779220778
2024,2024-06-17,52.708333333333336,169,54.05708874458874
2024,2024-06-18,61.59090909090909,170,54.47077922077922
2024,2024-06-19,56.708333333333336,171,55.58982683982685
2024,2024-06-20,59.416666666666664,172,57.08089826839828
2024,2024-06-21,63.791666666666664,173,57.372564935064936
2024,2024-06-22,76.16666666666667,174,57.31304112554113
2024,2024-06-23,48.958333333333336,175,59.205898268398265
2024,2024-06-24,51.958333333333336,176,60.47375541125542
2024,2024-06-25,53.458333333333336,177,59.36363636363637
2024,2024-06-26,62.625,178,57.875
2024,2024-06-27,57.958333333333336,179,57.824404761904766
2024,2024-06-28,55.416666666666664,180,57.64498299319728
2024,2024-06-29,79.33333333333333,181,57.264030612244895
2024,2024-06-30,66.54166666666667,182,55.97534013605442
2024,2024-07-01,37.166666666666664,183,56.171768707483
2024,2024-07-02,40.75,184,55.963435374149654
2024,2024-07-03,56.0,185,55.71045918367347
2024,2024-07-04,56.904761904761905,186,54.54676870748299
2024,2024-07-05,58.458333333333336,187,53.28486394557824
2024,2024-07-06,58.125,188,52.42474489795918
2024,2024-07-07,51.708333333333336,189,50.45450680272109
2024,2024-07-08,49.041666666666664,190,49.78784013605441
2024,2024-07-09,49.916666666666664,191,50.508078231292515
2024,2024-07-10,46.333333333333336,192,51.326530612244895
2024,2024-07-11,40.291666666666664,193,50.65688775510204
2024,2024-07-12,43.375,194,49.955898268398265
2024,2024-07-13,51.75,195,49.741612554112564
2024,2024-07-14,57.208333333333336,196,50.55708874458875
2024,2024-07-15,47.25,197,51.51244588744589
2024,2024-07-16,52.208333333333336,198,52.03625541125542
2024,2024-07-17,46.625,199,51.96185064935065
2024,2024-07-18,47.09090909090909,200,49.61151051329623
2024,2024-07-19,55.458333333333336,201,51.19782003710576
2024,2024-07-20,69.54166666666667,202,51.971629560915275
2024,2024-07-21,65.08333333333333,203,52.706748608534326
2024,2024-07-22,56.375,204,53.77520098948671
2024,2024-07-23,48.875,205,53.50139146567718
2024,2024-07-24,13.428571428571429,206,53.14127241805813
2024,2024-07-25,62.5,207,53.522224799010516
2024,2024-07-26,54.208333333333336,208,54.75977891156463
2024,2024-07-27,62.041666666666664,209,57.00595238095237
2024,2024-07-28,72.16666666666667,210,57.705357142857146
2024,2024-07-29,43.416666666666664,211,58.19047619047619
2024,2024-07-30,47.166666666666664,212,59.32142857142857
2024,2024-07-31,51.958333333333336,213,60.610119047619044
2024,2024-08-01,64.41666666666667,214,63.5765306122449
2024,2024-08-02,86.9047619047619,215,63.51700680272109
2024,2024-08-03,79.33333333333333,216,63.59438775510204
2024,2024-08-04,71.875,217,64.32653061224491
2024,2024-08-05,72.20833333333333,218,65.13307823129252
2024,2024-08-06,66.91666666666667,219,66.97236394557822
2024,2024-08-07,54.958333333333336,220,68.2610544217687
2024,2024-08-08,61.666666666666664,221,69.96641156462586
2024,2024-08-09,55.291666666666664,222,70.20748299319727
2024,2024-08-10,72.29166666666667,223,68.125
2024,2024-08-11,83.45833333333333,224,67.64285714285714
2024,2024-08-12,69.16666666666667,225,67.10119047619047
2024,2024-08-13,65.20833333333333,226,65.55059523809523
2024,2024-08-14,75.83333333333333,227,65.78382034632035
2024,2024-08-15,67.79166666666667,228,66.79274891774891
2024,2024-08-16,57.75,229,68.06655844155844
2024,2024-08-17,72.58333333333333,230,69.53977272727273
2024,2024-08-18,64.29166666666667,231,69.78382034632034
2024,2024-08-19,50.5,232,68.57251082251082
2024,2024-08-20,70.18181818181819,233,68.03679653679653
2024,2024-08-21,69.08333333333333,234,68.20643939393939
2024,2024-08-22,79.5,235,67.12012987012987
2024,2024-08-23,75.91666666666667,236,68.06655844155844
2024,2024-08-24,75.70833333333333,237,67.46536796536796
2024,2024-08-25,66.5,238,67.07548701298701
2024,2024-08-26,61.666666666666664,239,67.84334415584416
2024,2024-08-27,67.58333333333333,240,68.4204118250171
2024,2024-08-28,60.625,241,66.52647243107769
2024,2024-08-29,81.04166666666667,242,64.42825814536342
2024,2024-08-30,49.333333333333336,243,62.321115288220554
2024,2024-08-31,67.125,244,61.29135338345865
2024,2024-09-01,75.04166666666667,245,60.57706766917293
2024,2024-09-02,58.578947368421055,246,60.25563909774436
2024,2024-09-03,43.666666666666664,247,60.19016290726817
2024,2024-09-04,39.708333333333336,248,60.25563909774436
2024,2024-09-05,50.0,249,60.28242481203007
2024,2024-09-06,61.5,250,57.52647243107769
2024,2024-09-07,65.70833333333333,251,57.77944862155389
2024,2024-09-08,62.0,252,57.48778195488722
2024,2024-09-09,60.75,253,56.36278195488722
2024,2024-09-10,68.5,254,55.94940476190476
2024,2024-09-11,61.0,255,55.74464285714286
2024,2024-09-12,42.458333333333336,256,56.83988095238095
2024,2024-09-13,52.875,257,56.158333333333324
2024,2024-09-14,63.041666666666664,258,55.2952380952381
2024,2024-09-15,59.291666666666664,259,55.28630952380952
2024,2024-09-16,52.791666666666664,260,54.47083333333334
2024,2024-09-17,40.8,261,54.15833333333334
2024,2024-09-18,55.041666666666664,262,54.39047619047619
2024,2024-09-19,40.458333333333336,263,54.73869047619048
2024,2024-09-20,49.416666666666664,264,55.18214285714286
2024,2024-09-21,65.58333333333333,265,55.89047619047619
2024,2024-09-22,50.583333333333336,266,55.90833333333334
2024,2024-09-23,56.375,267,56.49166666666666
2024,2024-09-24,71.75,268,56.91726190476191
2024,2024-09-25,65.875,269,58.19345238095239
2024,2024-09-26,48.666666666666664,270,57.608843537414955
2024,2024-09-27,62.791666666666664,271,58.5969387755102
2024,2024-09-28,63.291666666666664,272,58.58801020408163
2024,2024-09-29,67.45833333333333,273,57.73681972789115
2024,2024-09-30,58.75,274,57.42431972789115
2024,2024-10-01,58.666666666666664,275,56.27551020408163
2024,2024-10-02,46.857142857142854,276,55.10586734693877
2024,2024-10-03,54.291666666666664,277,54.11777210884354
2024,2024-10-04,49.291666666666664,278,55.02667480035492
2024,2024-10-05,53.666666666666664,279,53.27667480035492
2024,2024-10-06,46.208333333333336,280,51.18738908606921
2024,2024-10-07,40.291666666666664,281,49.907627181307305
2024,2024-10-08,55.375,282,48.55941289559301
2024,2024-10-09,52.041666666666664,283,47.979055752735874
2024,2024-10-10,61.391304347826086,284,47.53007616089915
2024,2024-10-11,38.291666666666664,285,46.83662377994676
2024,2024-10-12,34.041666666666664,286,46.64912377994676
2024,2024-10-13,49.541666666666664,287,45.946742827565814
2024,2024-10-14,39.875,288,45.23245711328009
2024,2024-10-15,50.541666666666664,289,45.512219018042
2024,2024-10-16,40.57142857142857,290,44.69376663708962
2024,2024-10-17,44.583333333333336,291,42.84555235137533
2024,2024-10-18,46.666666666666664,292,40.47831632653062
2024,2024-10-19,43.833333333333336,293,40.3562925170068
2024,2024-10-20,36.208333333333336,294,40.97236394557824
2024,2024-10-21,44.208333333333336,295,41.07342502218279
2024,2024-10-22,43.916666666666664,296,41.704377403135176
2024,2024-10-23,26.166666666666668,297,41.65675835551612
2024,2024-10-24,28.25,298,42.79153726708074
2024,2024-10-25,36.583333333333336,299,42.83320393374741
2024,2024-10-26,42.666666666666664,300,42.71713250517598
2024,2024-10-27,50.95652173913044,301,43.252846790890274
2024,2024-10-28,48.708333333333336,302,43.996894409937894
2024,2024-10-29,49.875,303,43.92078896776102
2024,2024-10-30,56.458333333333336,304,42.828527062999115
2024,2024-10-31,45.166666666666664,305,43.769003253475304
2024,2024-11-01,45.041666666666664,306,44.79281277728482
2024,2024-11-02,51.333333333333336,307,45.013050872522925
2024,2024-11-03,46.625,308,44.37912230109435
2024,2024-11-04,43.142857142857146,309,43.045918367346935
2024,2024-11-05,28.625,310,41.099489795918366
2024,2024-11-06,39.333333333333336,311,39.659013605442176
2024,2024-11-07,42.583333333333336,312,38.58758503401361
2024,2024-11-08,39.666666666666664,313,37.21258503401361
2024,2024-11-09,33.791666666666664,314,35.914965986394556
2024,2024-11-10,32.291666666666664,315,34.68579931972789
2024,2024-11-11,21.458333333333332,316,33.6203231292517
2024,2024-11-12,29.708333333333332,317,31.649404761904766
2024,2024-11-13,41.458333333333336,318,30.863690476190477
2024,2024-11-14,25.916666666666668,319,30.512499999999996
2024,2024-11-15,26.875,320,30.39047619047619
2024,2024-11-16,34.125,321,31.14642857142857
2024,2024-11-17,31.708333333333332,322,32.03333333333334
2024,2024-11-18,15.55,323,32.83988095238095
2024,2024-11-19,17.625,324,32.20595238095238
2024,2024-11-20,34.416666666666664,325,32.26547619047619
2024,2024-11-21,40.875,326,31.717857142857145
2024,2024-11-22,50.25,327,30.958928571428572
2024,2024-11-23,46.208333333333336,328,30.682142857142857
2024,2024-11-24,43.583333333333336,329,29.723809523809525
2024,2024-11-25,12.583333333333334,330,29.333928571428572
2024,2024-11-26,30.541666666666668,331,29.684523809523807
2024,2024-11-27,33.791666666666664,332,29.58708592132505
2024,2024-11-28,15.291666666666666,333,28.807324016563147
2024,2024-11-29,23.0,334,28.08113354037267
2024,2024-11-30,20.708333333333332,335,25.89363354037267
2024,2024-12-01,26.25,336,25.125776397515526
2024,2024-12-02,20.458333333333332,337,26.63768115942029
2024,2024-12-03,16.26086956521739,338,27.81922877846791
2024,2024-12-04,23.5,339,27.15553830227743
2024,2024-12-05,30.708333333333332,340,25.98589544513457
2024,2024-12-06,19.625,341,27.0097049689441
2024,2024-12-07,35.458333333333336,342,27.20613354037267
2024,2024-12-08,64.75,343,27.77756211180124
2024,2024-12-09,29.125,344,27.545419254658384
2024,2024-12-10,21.25,345,28.131728778467906
2024,2024-12-11,17.416666666666668,346,29.520833333333336
2024,2024-12-12,29.625,347,29.333333333333336
2024,2024-12-13,25.75,348,29.523339598997495
2024,2024-12-14,28.708333333333332,349,31.076911027568922
2024,2024-12-15,23.0,350,31.356672932330827
2024,2024-12-16,28.666666666666668,351,30.80012531328321
2024,2024-12-17,35.708333333333336,352,31.67512531328321
2024,2024-12-18,20.875,353,32.157268170426065
2024,2024-12-19,33.36842105263158,354,31.969768170426068
2024,2024-12-20,41.375,355,31.181077694235594
2024,2024-12-21,39.375,356,29.95786340852131
2024,2024-12-22,56.958333333333336,357,28.68107769423559
2024,2024-12-23,41.375,358,27.532268170426068
2024,2024-12-24,28.0,359,26.127506265664163
2024,2024-12-25,14.791666666666666,360,24.68405388471178
2024,2024-12-26,18.583333333333332,361,24.97705802968961
2024,2024-12-27,8.625,362,24.277777777777782
2024,2024-12-28,10.833333333333334,363,22.72348484848485
2024,2024-12-29,6.916666666666667,364,21.058333333333337
2024,2024-12-30,9.0,365,17.069444444444446
2024,2024-12-31,15.5,366,14.031250000000004
