horizon,origin_timestamp,target_timestamp,split,y,target_is_missing,o3_at_origin,o3_lag_1h,o3_lag_2h,o3_lag_3h,o3_lag_6h,o3_lag_12h,o3_roll_mean_6h,o3_roll_std_6h,o3_roll_mean_24h,o3_roll_std_24h,o3_roll_max_24h,o3_roll_missing_ratio_24h,o3_prev_day_same_hour,o3_target_lag_48h,target_hour,target_dayofweek,target_month,target_is_weekend,target_hour_sin,target_hour_cos,target_dayofweek_sin,target_dayofweek_cos,target_month_zero_based,target_month_sin,target_month_cos
1,2020-01-01 00:00:00,2020-01-01 01:00:00,train,19.0,0,22.0,,,,,,22.0,,22.0,,22.0,0.9583333333333334,,,1,2,1,0,0.25881904510252074,0.9659258262890683,0.9749279121818236,-0.22252093395631434,0,0.0,1.0
1,2020-01-01 01:00:00,2020-01-01 02:00:00,train,19.0,0,19.0,22.0,,,,,20.5,2.1213203435596424,20.5,2.1213203435596424,22.0,0.9166666666666666,,,2,2,1,0,0.49999999999999994,0.8660254037844387,0.9749279121818236,-0.22252093395631434,0,0.0,1.0
1,2020-01-01 02:00:00,2020-01-01 03:00:00,train,6.0,0,19.0,19.0,22.0,,,,20.0,1.7320508075688772,20.0,1.7320508075688772,22.0,0.875,,,3,2,1,0,0.7071067811865476,0.7071067811865476,0.9749279121818236,-0.22252093395631434,0,0.0,1.0
1,2020-01-01 03:00:00,2020-01-01 04:00:00,train,8.0,0,6.0,19.0,19.0,22.0,,,16.5,7.14142842854285,16.5,7.14142842854285,22.0,0.8333333333333334,,,4,2,1,0,0.8660254037844386,0.5000000000000001,0.9749279121818236,-0.22252093395631434,0,0.0,1.0
1,2020-01-01 04:00:00,2020-01-01 05:00:00,train,5.0,0,8.0,6.0,19.0,19.0,,,14.8,7.259476565152615,14.8,7.259476565152615,22.0,0.7916666666666666,,,5,2,1,0,0.9659258262890683,0.25881904510252074,0.9749279121818236,-0.22252093395631434,0,0.0,1.0
1,2020-01-01 05:00:00,2020-01-01 06:00:00,train,4.0,0,5.0,8.0,6.0,19.0,,,13.166666666666666,7.626707459098367,13.166666666666666,7.626707459098367,22.0,0.75,,,6,2,1,0,1.0,6.123233995736766e-17,0.9749279121818236,-0.22252093395631434,0,0.0,1.0
1,2020-01-01 06:00:00,2020-01-01 07:00:00,train,2.0,0,4.0,5.0,8.0,6.0,22.0,,10.166666666666666,6.968978882638882,11.857142857142858,7.776643908280132,22.0,0.7083333333333333,,,7,2,1,0,0.9659258262890683,-0.25881904510252063,0.9749279121818236,-0.22252093395631434,0,0.0,1.0
1,2020-01-01 07:00:00,2020-01-01 08:00:00,train,2.0,0,2.0,4.0,5.0,8.0,19.0,,7.333333333333333,6.055300708194986,10.625,7.998883850709602,22.0,0.6666666666666667,,,8,2,1,0,0.8660254037844387,-0.4999999999999998,0.9749279121818236,-0.22252093395631434,0,0.0,1.0
1,2020-01-01 08:00:00,2020-01-01 09:00:00,train,8.0,0,2.0,2.0,4.0,5.0,19.0,,4.5,2.3452078799117237,9.666666666666666,8.0156097709407,22.0,0.625,,,9,2,1,0,0.7071067811865476,-0.7071067811865475,0.9749279121818236,-0.22252093395631434,0,0.0,1.0
1,2020-01-01 09:00:00,2020-01-01 10:00:00,train,13.0,0,8.0,2.0,2.0,4.0,6.0,,4.833333333333333,2.7141603981096454,9.5,7.575545451575675,22.0,0.5833333333333333,,,10,2,1,0,0.49999999999999994,-0.8660254037844387,0.9749279121818236,-0.22252093395631434,0,0.0,1.0
1,2020-01-01 10:00:00,2020-01-01 11:00:00,train,25.0,0,13.0,8.0,2.0,2.0,8.0,,5.666666666666667,4.226897995772633,9.818181818181818,7.263858228492373,22.0,0.5416666666666667,,,11,2,1,0,0.258819045102521,-0.9659258262890682,0.9749279121818236,-0.22252093395631434,0,0.0,1.0
1,2020-01-01 11:00:00,2020-01-01 12:00:00,train,27.0,0,25.0,13.0,8.0,2.0,5.0,,9.0,8.899438184514796,11.083333333333334,8.195989410940111,25.0,0.5,,,12,2,1,0,1.2246467991473532e-16,-1.0,0.9749279121818236,-0.22252093395631434,0,0.0,1.0
1,2020-01-01 12:00:00,2020-01-01 13:00:00,train,19.0,0,27.0,25.0,13.0,8.0,4.0,22.0,12.833333333333334,11.016654059498586,12.307692307692308,9.003560549255086,27.0,0.45833333333333337,,,13,2,1,0,-0.2588190451025208,-0.9659258262890683,0.9749279121818236,-0.22252093395631434,0,0.0,1.0
1,2020-01-01 13:00:00,2020-01-01 14:00:00,train,22.0,0,19.0,27.0,25.0,13.0,2.0,19.0,15.666666666666666,9.791152468768253,12.785714285714286,8.833316054997269,27.0,0.41666666666666663,,,14,2,1,0,-0.4999999999999997,-0.8660254037844388,0.9749279121818236,-0.22252093395631434,0,0.0,1.0
1,2020-01-01 14:00:00,2020-01-01 15:00:00,train,25.0,0,22.0,19.0,27.0,25.0,2.0,19.0,19.0,7.293833011524186,13.4,8.838228652523407,27.0,0.375,,,15,2,1,0,-0.7071067811865471,-0.7071067811865479,0.9749279121818236,-0.22252093395631434,0,0.0,1.0
1,2020-01-01 15:00:00,2020-01-01 16:00:00,train,26.0,0,25.0,22.0,19.0,27.0,8.0,6.0,21.833333333333332,5.154286242213042,14.125,9.017575431714818,27.0,0.33333333333333337,,,16,2,1,0,-0.8660254037844385,-0.5000000000000004,0.9749279121818236,-0.22252093395631434,0,0.0,1.0
1,2020-01-01 16:00:00,2020-01-01 17:00:00,train,18.0,0,26.0,25.0,22.0,19.0,13.0,8.0,24.0,2.966479394838263,14.823529411764707,9.19398780533811,27.0,0.29166666666666663,,,17,2,1,0,-0.9659258262890683,-0.25881904510252063,0.9749279121818236,-0.22252093395631434,0,0.0,1.0
1,2020-01-01 17:00:00,2020-01-01 18:00:00,train,16.0,0,18.0,26.0,25.0,22.0,25.0,5.0,22.833333333333332,3.763863263545404,15.0,8.950846164403874,27.0,0.25,,,18,2,1,0,-1.0,-1.8369701987210297e-16,0.9749279121818236,-0.22252093395631434,0,0.0,1.0
1,2020-01-01 18:00:00,2020-01-01 19:00:00,train,15.0,0,16.0,18.0,26.0,25.0,27.0,4.0,21.0,4.0,15.052631578947368,8.70168364430781,27.0,0.20833333333333337,,,19,2,1,0,-0.9659258262890684,0.2588190451025203,0.9749279121818236,-0.22252093395631434,0,0.0,1.0
1,2020-01-01 19:00:00,2020-01-01 20:00:00,train,13.0,0,15.0,16.0,18.0,26.0,19.0,2.0,20.333333333333332,4.67618077780005,15.05,8.469605098605,27.0,0.16666666666666663,,,20,2,1,0,-0.8660254037844386,0.5000000000000001,0.9749279121818236,-0.22252093395631434,0,0.0,1.0
1,2020-01-01 20:00:00,2020-01-01 21:00:00,train,11.0,0,13.0,15.0,16.0,18.0,22.0,2.0,18.833333333333332,5.419102016632156,14.952380952380953,8.267261883333505,27.0,0.125,,,21,2,1,0,-0.7071067811865477,0.7071067811865474,0.9749279121818236,-0.22252093395631434,0,0.0,1.0
1,2020-01-01 21:00:00,2020-01-01 22:00:00,train,3.0,0,11.0,13.0,15.0,16.0,25.0,8.0,16.5,5.244044240850764,14.772727272727273,8.11190669960092,27.0,0.08333333333333337,,,22,2,1,0,-0.5000000000000004,0.8660254037844384,0.9749279121818236,-0.22252093395631434,0,0.0,1.0
1,2020-01-01 22:00:00,2020-01-01 23:00:00,train,1.0,0,3.0,11.0,13.0,15.0,26.0,13.0,12.666666666666666,5.316640543300515,14.26086956521739,8.29686354377554,27.0,0.04166666666666663,,,23,2,1,0,-0.25881904510252157,0.9659258262890681,0.9749279121818236,-0.22252093395631434,0,0.0,1.0
1,2020-01-01 23:00:00,2020-01-02 00:00:00,train,4.0,0,1.0,3.0,11.0,13.0,18.0,25.0,9.833333333333334,6.337717780610529,13.708333333333334,8.554069291821019,27.0,0.0,22.0,,0,3,1,0,0.0,1.0,0.43388373911755823,-0.900968867902419,0,0.0,1.0
1,2020-01-02 00:00:00,2020-01-02 01:00:00,train,5.0,0,4.0,1.0,3.0,11.0,16.0,27.0,7.833333333333333,5.87934236685251,12.958333333333334,8.584511668097967,27.0,0.0,19.0,,1,3,1,0,0.25881904510252074,0.9659258262890683,0.43388373911755823,-0.900968867902419,0,0.0,1.0
1,2020-01-02 01:00:00,2020-01-02 02:00:00,train,5.0,0,5.0,4.0,1.0,3.0,15.0,19.0,6.166666666666667,4.750438576243978,12.375,8.63165307357801,27.0,0.0,19.0,,2,3,1,0,0.49999999999999994,0.8660254037844387,0.43388373911755823,-0.900968867902419,0,0.0,1.0
1,2020-01-02 02:00:00,2020-01-02 03:00:00,train,4.0,0,5.0,5.0,4.0,1.0,13.0,22.0,4.833333333333333,3.371448748930781,11.791666666666666,8.637527658883126,27.0,0.0,6.0,,3,3,1,0,0.7071067811865476,0.7071067811865476,0.43388373911755823,-0.900968867902419,0,0.0,1.0
1,2020-01-02 03:00:00,2020-01-02 04:00:00,train,1.0,0,4.0,5.0,5.0,4.0,11.0,25.0,3.6666666666666665,1.5055453054182553,11.708333333333334,8.705216660224446,27.0,0.0,8.0,,4,3,1,0,0.8660254037844386,0.5000000000000001,0.43388373911755823,-0.900968867902419,0,0.0,1.0
1,2020-01-02 04:00:00,2020-01-02 05:00:00,train,1.0,0,1.0,4.0,5.0,5.0,3.0,26.0,3.3333333333333335,1.8618986725026023,11.416666666666666,8.948726733168666,27.0,0.0,5.0,,5,3,1,0,0.9659258262890683,0.25881904510252074,0.43388373911755823,-0.900968867902419,0,0.0,1.0
1,2020-01-02 05:00:00,2020-01-02 06:00:00,train,2.0,0,1.0,1.0,4.0,5.0,1.0,18.0,3.3333333333333335,1.8618986725026023,11.25,9.109240411228877,27.0,0.0,4.0,,6,3,1,0,1.0,6.123233995736766e-17,0.43388373911755823,-0.900968867902419,0,0.0,1.0
1,2020-01-02 06:00:00,2020-01-02 07:00:00,train,1.0,0,2.0,1.0,1.0,4.0,4.0,16.0,3.0,1.8973665961011044,11.166666666666666,9.187262764362913,27.0,0.0,2.0,,7,3,1,0,0.9659258262890683,-0.25881904510252063,0.43388373911755823,-0.900968867902419,0,0.0,1.0
1,2020-01-02 07:00:00,2020-01-02 08:00:00,train,2.0,0,1.0,2.0,1.0,1.0,5.0,15.0,2.3333333333333335,1.7511900715419124,11.125,9.232798341640052,27.0,0.0,2.0,,8,3,1,0,0.8660254037844387,-0.4999999999999998,0.43388373911755823,-0.900968867902419,0,0.0,1.0
1,2020-01-02 08:00:00,2020-01-02 09:00:00,train,4.0,0,2.0,1.0,2.0,1.0,5.0,13.0,1.8333333333333333,1.1690451944501443,11.125,9.232798341640052,27.0,0.0,8.0,,9,3,1,0,0.7071067811865476,-0.7071067811865475,0.43388373911755823,-0.900968867902419,0,0.0,1.0
1,2020-01-02 09:00:00,2020-01-02 10:00:00,train,9.0,0,4.0,2.0,1.0,2.0,4.0,11.0,1.8333333333333333,1.1690451944501443,10.958333333333334,9.327281940940624,27.0,0.0,13.0,,10,3,1,0,0.49999999999999994,-0.8660254037844387,0.43388373911755823,-0.900968867902419,0,0.0,1.0
1,2020-01-02 10:00:00,2020-01-02 11:00:00,train,22.0,0,9.0,4.0,2.0,1.0,1.0,3.0,3.1666666666666665,3.0605010483035215,10.791666666666666,9.324950945979692,27.0,0.0,25.0,,11,3,1,0,0.258819045102521,-0.9659258262890682,0.43388373911755823,-0.900968867902419,0,0.0,1.0
1,2020-01-02 11:00:00,2020-01-02 12:00:00,train,31.0,0,22.0,9.0,4.0,2.0,1.0,1.0,6.666666666666667,8.041558721209894,10.666666666666666,9.144571526637927,27.0,0.0,27.0,,12,3,1,0,1.2246467991473532e-16,-1.0,0.43388373911755823,-0.900968867902419,0,0.0,1.0
1,2020-01-02 12:00:00,2020-01-02 13:00:00,train,33.0,0,31.0,22.0,9.0,4.0,2.0,4.0,11.5,12.275992831539131,10.833333333333334,9.48530518711726,31.0,0.0,19.0,,13,3,1,0,-0.2588190451025208,-0.9659258262890683,0.43388373911755823,-0.900968867902419,0,0.0,1.0
1,2020-01-02 13:00:00,2020-01-02 14:00:00,train,33.0,0,33.0,31.0,22.0,9.0,1.0,5.0,16.833333333333332,13.673575489485797,11.416666666666666,10.39613919418779,33.0,0.0,22.0,,14,3,1,0,-0.4999999999999997,-0.8660254037844388,0.43388373911755823,-0.900968867902419,0,0.0,1.0
1,2020-01-02 14:00:00,2020-01-02 15:00:00,train,34.0,0,33.0,33.0,31.0,22.0,2.0,5.0,22.0,12.77497553813705,11.875,11.101556882590446,33.0,0.0,25.0,,15,3,1,0,-0.7071067811865471,-0.7071067811865479,0.43388373911755823,-0.900968867902419,0,0.0,1.0
1,2020-01-02 15:00:00,2020-01-02 16:00:00,train,37.0,0,34.0,33.0,33.0,31.0,4.0,4.0,27.0,9.859006035092985,12.25,11.700055741227308,34.0,0.0,26.0,,16,3,1,0,-0.8660254037844385,-0.5000000000000004,0.43388373911755823,-0.900968867902419,0,0.0,1.0
1,2020-01-02 16:00:00,2020-01-02 17:00:00,train,22.0,0,37.0,34.0,33.0,33.0,9.0,1.0,31.666666666666668,5.12510162500867,12.708333333333334,12.45331863109333,37.0,0.0,18.0,,17,3,1,0,-0.9659258262890683,-0.25881904510252063,0.43388373911755823,-0.900968867902419,0,0.0,1.0
1,2020-01-02 17:00:00,2020-01-02 18:00:00,train,2.0,0,22.0,37.0,34.0,33.0,22.0,1.0,31.666666666666668,5.12510162500867,12.875,12.553580816020098,37.0,0.0,16.0,,18,3,1,0,-1.0,-1.8369701987210297e-16,0.43388373911755823,-0.900968867902419,0,0.0,1.0
1,2020-01-02 18:00:00,2020-01-02 19:00:00,train,2.0,0,2.0,22.0,37.0,34.0,31.0,2.0,26.833333333333332,13.1972219298861,12.291666666666666,12.726142783456721,37.0,0.0,15.0,,19,3,1,0,-0.9659258262890684,0.2588190451025203,0.43388373911755823,-0.900968867902419,0,0.0,1.0
1,2020-01-02 19:00:00,2020-01-02 20:00:00,train,2.0,0,2.0,2.0,22.0,37.0,33.0,1.0,21.666666666666668,16.05822738245622,11.75,12.88156755246409,37.0,0.0,13.0,,20,3,1,0,-0.8660254037844386,0.5000000000000001,0.43388373911755823,-0.900968867902419,0,0.0,1.0
1,2020-01-02 20:00:00,2020-01-02 21:00:00,train,5.0,0,2.0,2.0,2.0,22.0,33.0,2.0,16.5,16.658331248957687,11.291666666666666,13.029996051474816,37.0,0.0,11.0,,21,3,1,0,-0.7071067811865477,0.7071067811865474,0.43388373911755823,-0.900968867902419,0,0.0,1.0
1,2020-01-02 21:00:00,2020-01-02 22:00:00,train,9.0,0,5.0,2.0,2.0,2.0,34.0,4.0,11.666666666666666,14.651507317223952,11.041666666666666,13.093241425044173,37.0,0.0,3.0,,22,3,1,0,-0.5000000000000004,0.8660254037844384,0.43388373911755823,-0.900968867902419,0,0.0,1.0
1,2020-01-02 22:00:00,2020-01-02 23:00:00,train,1.0,0,9.0,5.0,2.0,2.0,37.0,9.0,7.0,7.848566748139464,11.291666666666666,12.989892949542723,37.0,0.0,1.0,,23,3,1,0,-0.25881904510252157,0.9659258262890681,0.43388373911755823,-0.900968867902419,0,0.0,1.0
1,2020-01-02 23:00:00,2020-01-03 00:00:00,train,1.0,0,1.0,9.0,5.0,2.0,22.0,22.0,3.5,3.016620625799766,11.291666666666666,12.989892949542723,37.0,0.0,4.0,22.0,0,4,1,0,0.0,1.0,-0.433883739117558,-0.9009688679024191,0,0.0,1.0
1,2020-01-03 00:00:00,2020-01-03 01:00:00,train,17.0,0,1.0,1.0,9.0,5.0,2.0,31.0,3.3333333333333335,3.141125063837357,11.166666666666666,13.077250963165891,37.0,0.0,5.0,19.0,1,4,1,0,0.25881904510252074,0.9659258262890683,-0.433883739117558,-0.9009688679024191,0,0.0,1.0
1,2020-01-03 01:00:00,2020-01-03 02:00:00,train,35.0,0,17.0,1.0,1.0,9.0,2.0,33.0,5.833333333333333,6.274286147974698,11.666666666666666,13.06061675974483,37.0,0.0,5.0,19.0,2,4,1,0,0.49999999999999994,0.8660254037844387,-0.433883739117558,-0.9009688679024191,0,0.0,1.0
1,2020-01-03 02:00:00,2020-01-03 03:00:00,train,33.0,0,35.0,17.0,1.0,1.0,2.0,33.0,11.333333333333334,13.048627003124391,12.916666666666666,13.808997277032878,37.0,0.0,4.0,6.0,3,4,1,0,0.7071067811865476,0.7071067811865476,-0.433883739117558,-0.9009688679024191,0,0.0,1.0
1,2020-01-03 03:00:00,2020-01-03 04:00:00,train,25.0,0,33.0,35.0,17.0,1.0,5.0,34.0,16.0,15.16575088810311,14.125,14.256386821961284,37.0,0.0,1.0,8.0,4,4,1,0,0.8660254037844386,0.5000000000000001,-0.433883739117558,-0.9009688679024191,0,0.0,1.0
1,2020-01-03 04:00:00,2020-01-03 05:00:00,train,28.0,0,25.0,33.0,35.0,17.0,9.0,37.0,18.666666666666668,15.095253117012211,15.125,14.136946660066496,37.0,0.0,1.0,5.0,5,4,1,0,0.9659258262890683,0.25881904510252074,-0.433883739117558,-0.9009688679024191,0,0.0,1.0
1,2020-01-03 05:00:00,2020-01-03 06:00:00,train,17.0,0,28.0,25.0,33.0,35.0,1.0,22.0,23.166666666666668,12.5923257052328,16.25,14.037991928737686,37.0,0.0,2.0,4.0,6,4,1,0,1.0,6.123233995736766e-17,-0.433883739117558,-0.9009688679024191,0,0.0,1.0
1,2020-01-03 06:00:00,2020-01-03 07:00:00,train,11.0,0,17.0,28.0,25.0,33.0,1.0,2.0,25.833333333333332,7.704976746666189,16.875,13.705957130735717,37.0,0.0,1.0,2.0,7,4,1,0,0.9659258262890683,-0.25881904510252063,-0.433883739117558,-0.9009688679024191,0,0.0,1.0
1,2020-01-03 07:00:00,2020-01-03 08:00:00,train,9.0,0,11.0,17.0,28.0,25.0,17.0,2.0,24.833333333333332,9.304120950775882,17.291666666666668,13.349740810597972,37.0,0.0,2.0,2.0,8,4,1,0,0.8660254037844387,-0.4999999999999998,-0.433883739117558,-0.9009688679024191,0,0.0,1.0
1,2020-01-03 08:00:00,2020-01-03 09:00:00,train,10.0,0,9.0,11.0,17.0,28.0,35.0,2.0,20.5,9.669539802906868,17.583333333333332,13.07475718177278,37.0,0.0,4.0,8.0,9,4,1,0,0.7071067811865476,-0.7071067811865475,-0.433883739117558,-0.9009688679024191,0,0.0,1.0
1,2020-01-03 09:00:00,2020-01-03 10:00:00,train,7.0,0,10.0,9.0,11.0,17.0,33.0,5.0,16.666666666666668,8.16496580927728,17.833333333333332,12.859328086668437,37.0,0.0,9.0,13.0,10,4,1,0,0.49999999999999994,-0.8660254037844387,-0.433883739117558,-0.9009688679024191,0,0.0,1.0
1,2020-01-03 10:00:00,2020-01-03 11:00:00,train,11.0,0,7.0,10.0,9.0,11.0,25.0,9.0,13.666666666666666,7.788880963698643,17.75,12.92537107364057,37.0,0.0,22.0,25.0,11,4,1,0,0.258819045102521,-0.9659258262890682,-0.433883739117558,-0.9009688679024191,0,0.0,1.0
1,2020-01-03 11:00:00,2020-01-03 12:00:00,train,11.0,0,11.0,7.0,10.0,9.0,28.0,1.0,10.833333333333334,3.371448748930823,17.291666666666668,12.963088623729558,37.0,0.0,31.0,27.0,12,4,1,0,1.2246467991473532e-16,-1.0,-0.433883739117558,-0.9009688679024191,0,0.0,1.0
1,2020-01-03 12:00:00,2020-01-03 13:00:00,train,11.0,0,11.0,11.0,7.0,10.0,17.0,1.0,9.833333333333334,1.6020819787599032,16.458333333333332,12.683365232586675,37.0,0.0,33.0,19.0,13,4,1,0,-0.2588190451025208,-0.9659258262890683,-0.433883739117558,-0.9009688679024191,0,0.0,1.0
1,2020-01-03 13:00:00,2020-01-03 14:00:00,train,10.0,0,11.0,11.0,11.0,7.0,11.0,17.0,9.833333333333334,1.6020819787599032,15.541666666666666,12.222499447888032,37.0,0.0,33.0,22.0,14,4,1,0,-0.4999999999999997,-0.8660254037844388,-0.433883739117558,-0.9009688679024191,0,0.0,1.0
1,2020-01-03 14:00:00,2020-01-03 15:00:00,train,6.0,0,10.0,11.0,11.0,11.0,9.0,35.0,10.0,1.5491933384831524,14.583333333333334,11.683941661683493,37.0,0.0,34.0,25.0,15,4,1,0,-0.7071067811865471,-0.7071067811865479,-0.433883739117558,-0.9009688679024191,0,0.0,1.0
1,2020-01-03 15:00:00,2020-01-03 16:00:00,train,4.0,0,6.0,10.0,11.0,11.0,10.0,33.0,9.333333333333334,2.250925735484684,13.416666666666666,11.041095828831905,37.0,0.0,37.0,26.0,16,4,1,0,-0.8660254037844385,-0.5000000000000004,-0.433883739117558,-0.9009688679024191,0,0.0,1.0
1,2020-01-03 16:00:00,2020-01-03 17:00:00,train,2.0,0,4.0,6.0,10.0,11.0,7.0,25.0,8.833333333333334,3.0605010483035753,12.041666666666666,9.980324847316897,35.0,0.0,22.0,18.0,17,4,1,0,-0.9659258262890683,-0.25881904510252063,-0.433883739117558,-0.9009688679024191,0,0.0,1.0
1,2020-01-03 17:00:00,2020-01-03 18:00:00,train,1.0,0,2.0,4.0,6.0,10.0,11.0,28.0,7.333333333333333,3.88158043413599,11.208333333333334,9.947598209865916,35.0,0.0,2.0,16.0,18,4,1,0,-1.0,-1.8369701987210297e-16,-0.433883739117558,-0.9009688679024191,0,0.0,1.0
1,2020-01-03 18:00:00,2020-01-03 19:00:00,train,1.0,0,1.0,2.0,4.0,6.0,11.0,17.0,5.666666666666667,4.131182235954666,11.166666666666666,9.989849921258847,35.0,0.0,2.0,15.0,19,4,1,0,-0.9659258262890684,0.2588190451025203,-0.433883739117558,-0.9009688679024191,0,0.0,1.0
1,2020-01-03 19:00:00,2020-01-03 20:00:00,train,1.0,0,1.0,1.0,2.0,4.0,11.0,11.0,4.0,3.5213633723319138,11.125,10.031743097050352,35.0,0.0,2.0,13.0,20,4,1,0,-0.8660254037844386,0.5000000000000001,-0.433883739117558,-0.9009688679024191,0,0.0,1.0
1,2020-01-03 20:00:00,2020-01-03 21:00:00,train,1.0,0,1.0,1.0,1.0,2.0,10.0,9.0,2.5,2.0736441353329744,11.083333333333334,10.073282210518757,35.0,0.0,5.0,11.0,21,4,1,0,-0.7071067811865477,0.7071067811865474,-0.433883739117558,-0.9009688679024191,0,0.0,1.0
1,2020-01-03 21:00:00,2020-01-03 22:00:00,train,2.0,0,1.0,1.0,1.0,1.0,6.0,10.0,1.6666666666666667,1.2110601416393545,10.916666666666666,10.210466355089068,35.0,0.0,9.0,3.0,22,4,1,0,-0.5000000000000004,0.8660254037844384,-0.433883739117558,-0.9009688679024191,0,0.0,1.0
1,2020-01-03 22:00:00,2020-01-03 23:00:00,train,1.0,0,2.0,1.0,1.0,1.0,4.0,7.0,1.3333333333333333,0.5163977794951724,10.625,10.366385894888303,35.0,0.0,1.0,1.0,23,4,1,0,-0.25881904510252157,0.9659258262890681,-0.433883739117558,-0.9009688679024191,0,0.0,1.0
1,2020-01-03 23:00:00,2020-01-04 00:00:00,train,1.0,0,1.0,2.0,1.0,1.0,2.0,11.0,1.1666666666666667,0.4082482904649454,10.625,10.366385894888303,35.0,0.0,1.0,4.0,0,5,1,1,0.0,1.0,-0.9749279121818236,-0.2225209339563146,0,0.0,1.0
1,2020-01-04 00:00:00,2020-01-04 01:00:00,train,2.0,0,1.0,1.0,2.0,1.0,1.0,11.0,1.1666666666666667,0.4082482904649454,10.625,10.366385894888303,35.0,0.0,17.0,5.0,1,5,1,1,0.25881904510252074,0.9659258262890683,-0.9749279121818236,-0.2225209339563146,0,0.0,1.0
1,2020-01-04 01:00:00,2020-01-04 02:00:00,train,1.0,0,2.0,1.0,1.0,2.0,1.0,11.0,1.3333333333333333,0.5163977794951724,10.0,10.417376787389175,35.0,0.0,35.0,5.0,2,5,1,1,0.49999999999999994,0.8660254037844387,-0.9749279121818236,-0.2225209339563146,0,0.0,1.0
1,2020-01-04 02:00:00,2020-01-04 03:00:00,train,1.0,0,1.0,2.0,1.0,1.0,1.0,10.0,1.3333333333333333,0.5163977794951724,8.583333333333334,9.098096631649975,33.0,0.0,33.0,4.0,3,5,1,1,0.7071067811865476,0.7071067811865476,-0.9749279121818236,-0.2225209339563146,0,0.0,1.0
1,2020-01-04 03:00:00,2020-01-04 04:00:00,train,1.0,0,1.0,1.0,2.0,1.0,1.0,6.0,1.3333333333333333,0.5163977794951724,7.25,7.582875444051553,28.0,0.0,25.0,1.0,4,5,1,1,0.8660254037844386,0.5000000000000001,-0.9749279121818236,-0.2225209339563146,0,0.0,1.0
1,2020-01-04 04:00:00,2020-01-04 05:00:00,train,1.0,0,1.0,1.0,1.0,2.0,2.0,4.0,1.1666666666666667,0.4082482904649454,6.25,6.6675724022413485,28.0,0.0,28.0,1.0,5,5,1,1,0.9659258262890683,0.25881904510252074,-0.9749279121818236,-0.2225209339563146,0,0.0,1.0
1,2020-01-04 05:00:00,2020-01-04 06:00:00,train,1.0,0,1.0,1.0,1.0,1.0,1.0,2.0,1.1666666666666667,0.4082482904649454,5.125,4.875069676202191,17.0,0.0,17.0,2.0,6,5,1,1,1.0,6.123233995736766e-17,-0.9749279121818236,-0.2225209339563146,0,0.0,1.0
1,2020-01-04 06:00:00,2020-01-04 07:00:00,train,1.0,0,1.0,1.0,1.0,1.0,1.0,1.0,1.1666666666666667,0.4082482904649454,4.458333333333333,4.232166334639746,11.0,0.0,11.0,1.0,7,5,1,1,0.9659258262890683,-0.25881904510252063,-0.9749279121818236,-0.2225209339563146,0,0.0,1.0
1,2020-01-04 07:00:00,2020-01-04 08:00:00,train,1.0,0,1.0,1.0,1.0,1.0,2.0,1.0,1.0,0.0,4.041666666666667,4.048393848629754,11.0,0.0,9.0,2.0,8,5,1,1,0.8660254037844387,-0.4999999999999998,-0.9749279121818236,-0.2225209339563146,0,0.0,1.0
1,2020-01-04 08:00:00,2020-01-04 09:00:00,train,2.0,0,1.0,1.0,1.0,1.0,1.0,1.0,1.0,0.0,3.7083333333333335,3.9505549050698003,11.0,0.0,10.0,4.0,9,5,1,1,0.7071067811865476,-0.7071067811865475,-0.9749279121818236,-0.2225209339563146,0,0.0,1.0
1,2020-01-04 09:00:00,2020-01-04 10:00:00,train,2.0,0,2.0,1.0,1.0,1.0,1.0,1.0,1.1666666666666667,0.4082482904649454,3.375,3.7278330341412595,11.0,0.0,7.0,9.0,10,5,1,1,0.49999999999999994,-0.8660254037844387,-0.9749279121818236,-0.2225209339563146,0,0.0,1.0
1,2020-01-04 10:00:00,2020-01-04 11:00:00,train,5.0,0,2.0,2.0,1.0,1.0,1.0,2.0,1.3333333333333333,0.5163977794951724,3.1666666666666665,3.6554505660150505,11.0,0.0,11.0,22.0,11,5,1,1,0.258819045102521,-0.9659258262890682,-0.9749279121818236,-0.2225209339563146,0,0.0,1.0
1,2020-01-04 11:00:00,2020-01-04 12:00:00,train,11.0,0,5.0,2.0,2.0,1.0,1.0,1.0,2.0,1.5491933384832428,2.9166666666666665,3.28258470093928,11.0,0.0,11.0,31.0,12,5,1,1,1.2246467991473532e-16,-1.0,-0.9749279121818236,-0.2225209339563146,0,0.0,1.0
1,2020-01-04 12:00:00,2020-01-04 13:00:00,train,14.0,0,11.0,5.0,2.0,2.0,1.0,1.0,3.6666666666666665,3.881580434136006,2.9166666666666665,3.28258470093928,11.0,0.0,11.0,33.0,13,5,1,1,-0.2588190451025208,-0.9659258262890683,-0.9749279121818236,-0.2225209339563146,0,0.0,1.0
1,2020-01-04 13:00:00,2020-01-04 14:00:00,train,28.0,0,14.0,11.0,5.0,2.0,1.0,2.0,5.833333333333333,5.41910201663222,3.0416666666666665,3.641298940078188,14.0,0.0,10.0,33.0,14,5,1,1,-0.4999999999999997,-0.8660254037844388,-0.9749279121818236,-0.2225209339563146,0,0.0,1.0
1,2020-01-04 14:00:00,2020-01-04 15:00:00,train,28.0,0,28.0,14.0,11.0,5.0,1.0,1.0,10.333333333333334,9.933109617167588,3.7916666666666665,6.135989106805896,28.0,0.0,6.0,34.0,15,5,1,1,-0.7071067811865471,-0.7071067811865479,-0.9749279121818236,-0.2225209339563146,0,0.0,1.0
1,2020-01-04 15:00:00,2020-01-04 16:00:00,train,19.0,0,28.0,28.0,14.0,11.0,2.0,1.0,14.666666666666666,11.165422816296172,4.708333333333333,7.876653265611398,28.0,0.0,4.0,37.0,16,5,1,1,-0.8660254037844385,-0.5000000000000004,-0.9749279121818236,-0.2225209339563146,0,0.0,1.0
1,2020-01-04 16:00:00,2020-01-04 17:00:00,train,23.0,0,19.0,28.0,28.0,14.0,2.0,1.0,17.5,9.311283477587843,5.333333333333333,8.395996285324836,28.0,0.0,2.0,22.0,17,5,1,1,-0.9659258262890683,-0.25881904510252063,-0.9749279121818236,-0.2225209339563146,0,0.0,1.0
1,2020-01-04 17:00:00,2020-01-04 18:00:00,train,27.0,0,23.0,19.0,28.0,28.0,5.0,1.0,20.5,7.1203932475671765,6.208333333333333,9.098395303648292,28.0,0.0,1.0,2.0,18,5,1,1,-1.0,-1.8369701987210297e-16,-0.9749279121818236,-0.2225209339563146,0,0.0,1.0
1,2020-01-04 18:00:00,2020-01-04 19:00:00,train,25.0,0,27.0,23.0,19.0,28.0,11.0,1.0,23.166666666666668,5.706721183540231,7.291666666666667,9.958519038957318,28.0,0.0,1.0,2.0,19,5,1,1,-0.9659258262890684,0.2588190451025203,-0.9749279121818236,-0.2225209339563146,0,0.0,1.0
1,2020-01-04 19:00:00,2020-01-04 20:00:00,train,22.0,0,25.0,27.0,23.0,19.0,14.0,1.0,25.0,3.5213633723318156,8.291666666666666,10.490074674027191,28.0,0.0,1.0,2.0,20,5,1,1,-0.8660254037844386,0.5000000000000001,-0.9749279121818236,-0.2225209339563146,0,0.0,1.0
1,2020-01-04 20:00:00,2020-01-04 21:00:00,train,26.0,0,22.0,25.0,27.0,23.0,28.0,1.0,24.0,3.3466401061363205,9.166666666666666,10.72853434889232,28.0,0.0,1.0,5.0,21,5,1,1,-0.7071067811865477,0.7071067811865474,-0.9749279121818236,-0.2225209339563146,0,0.0,1.0
1,2020-01-04 21:00:00,2020-01-04 22:00:00,train,8.0,0,26.0,22.0,25.0,27.0,28.0,2.0,23.666666666666668,2.943920288775971,10.208333333333334,11.108082316656786,28.0,0.0,2.0,9.0,22,5,1,1,-0.5000000000000004,0.8660254037844384,-0.9749279121818236,-0.2225209339563146,0,0.0,1.0
1,2020-01-04 22:00:00,2020-01-04 23:00:00,train,15.0,0,8.0,26.0,22.0,25.0,19.0,2.0,21.833333333333332,7.026141662866388,10.458333333333334,10.982116556382516,28.0,0.0,1.0,1.0,23,5,1,1,-0.25881904510252157,0.9659258262890681,-0.9749279121818236,-0.2225209339563146,0,0.0,1.0
1,2020-01-04 23:00:00,2020-01-05 00:00:00,train,31.0,0,15.0,8.0,26.0,22.0,23.0,5.0,20.5,7.503332592921643,11.041666666666666,10.828622164015812,28.0,0.0,1.0,1.0,0,6,1,1,0.0,1.0,-0.7818314824680299,0.6234898018587334,0,0.0,1.0
1,2020-01-05 00:00:00,2020-01-05 01:00:00,train,15.0,0,31.0,15.0,8.0,26.0,27.0,11.0,21.166666666666668,8.328665359267767,12.291666666666666,11.338580413662966,31.0,0.0,2.0,17.0,1,6,1,1,0.25881904510252074,0.9659258262890683,-0.7818314824680299,0.6234898018587334,0,0.0,1.0
1,2020-01-05 01:00:00,2020-01-05 02:00:00,train,19.0,0,15.0,31.0,15.0,8.0,25.0,14.0,19.5,8.40832920383118,12.833333333333334,11.134227161898288,31.0,0.0,1.0,35.0,2,6,1,1,0.49999999999999994,0.8660254037844387,-0.7818314824680299,0.6234898018587334,0,0.0,1.0
1,2020-01-05 02:00:00,2020-01-05 03:00:00,train,31.0,0,19.0,15.0,31.0,15.0,22.0,28.0,19.0,8.318653737234186,13.583333333333334,10.906386906868782,31.0,0.0,1.0,33.0,3,6,1,1,0.7071067811865476,0.7071067811865476,-0.7818314824680299,0.6234898018587334,0,0.0,1.0
1,2020-01-05 03:00:00,2020-01-05 04:00:00,train,29.0,0,31.0,19.0,15.0,31.0,26.0,28.0,19.833333333333332,9.347013783378461,14.833333333333334,11.118596512410956,31.0,0.0,1.0,25.0,4,6,1,1,0.8660254037844386,0.5000000000000001,-0.7818314824680299,0.6234898018587334,0,0.0,1.0
1,2020-01-05 04:00:00,2020-01-05 05:00:00,train,24.0,0,29.0,31.0,19.0,15.0,8.0,19.0,23.333333333333332,7.840068026915759,16.0,11.072881090853178,31.0,0.0,1.0,28.0,5,6,1,1,0.9659258262890683,0.25881904510252074,-0.7818314824680299,0.6234898018587334,0,0.0,1.0
1,2020-01-05 05:00:00,2020-01-05 06:00:00,train,22.0,0,24.0,29.0,31.0,19.0,15.0,23.0,24.833333333333332,6.705718952257595,16.958333333333332,10.70749094414002,31.0,0.0,1.0,17.0,6,6,1,1,1.0,6.123233995736766e-17,-0.7818314824680299,0.6234898018587334,0,0.0,1.0
1,2020-01-05 06:00:00,2020-01-05 07:00:00,train,19.0,0,22.0,24.0,29.0,31.0,31.0,27.0,23.333333333333332,6.022181221672655,17.833333333333332,10.192352916329694,31.0,0.0,1.0,11.0,7,6,1,1,0.9659258262890683,-0.25881904510252063,-0.7818314824680299,0.6234898018587334,0,0.0,1.0
1,2020-01-05 07:00:00,2020-01-05 08:00:00,train,8.0,0,19.0,22.0,24.0,29.0,15.0,25.0,24.0,5.059644256269413,18.583333333333332,9.541290891910691,31.0,0.0,1.0,9.0,8,6,1,1,0.8660254037844387,-0.4999999999999998,-0.7818314824680299,0.6234898018587334,0,0.0,1.0
1,2020-01-05 08:00:00,2020-01-05 09:00:00,train,11.0,0,8.0,19.0,22.0,24.0,19.0,22.0,22.166666666666668,8.23205118221861,18.875,9.076067430335671,31.0,0.0,2.0,10.0,9,6,1,1,0.7071067811865476,-0.7071067811865475,-0.7818314824680299,0.6234898018587334,0,0.0,1.0
1,2020-01-05 09:00:00,2020-01-05 10:00:00,train,8.0,0,11.0,8.0,19.0,22.0,31.0,26.0,18.833333333333332,7.9854033502802455,19.25,8.517245931688807,31.0,0.0,2.0,7.0,10,6,1,1,0.49999999999999994,-0.8660254037844387,-0.7818314824680299,0.6234898018587334,0,0.0,1.0
1,2020-01-05 10:00:00,2020-01-05 11:00:00,train,8.0,0,8.0,11.0,8.0,19.0,29.0,8.0,15.333333333333334,7.201851613763446,19.5,8.06495370481874,31.0,0.0,5.0,11.0,11,6,1,1,0.258819045102521,-0.9659258262890682,-0.7818314824680299,0.6234898018587334,0,0.0,1.0
1,2020-01-05 11:00:00,2020-01-05 12:00:00,train,10.0,0,8.0,8.0,11.0,8.0,24.0,15.0,12.666666666666666,6.250333324444967,19.625,7.850851518479848,31.0,0.0,11.0,11.0,12,6,1,1,1.2246467991473532e-16,-1.0,-0.7818314824680299,0.6234898018587334,0,0.0,1.0
1,2020-01-05 12:00:00,2020-01-05 13:00:00,train,4.0,0,10.0,8.0,8.0,11.0,22.0,31.0,10.666666666666666,4.273952113286647,19.583333333333332,7.9011098101395865,31.0,0.0,14.0,11.0,13,6,1,1,-0.2588190451025208,-0.9659258262890683,-0.7818314824680299,0.6234898018587334,0,0.0,1.0
1,2020-01-05 13:00:00,2020-01-05 14:00:00,train,12.0,0,4.0,10.0,8.0,8.0,19.0,15.0,8.166666666666666,2.401388487243896,19.166666666666668,8.4527673197787,31.0,0.0,28.0,10.0,14,6,1,1,-0.4999999999999997,-0.8660254037844388,-0.7818314824680299,0.6234898018587334,0,0.0,1.0
1,2020-01-05 14:00:00,2020-01-05 15:00:00,train,33.0,0,12.0,4.0,10.0,8.0,8.0,19.0,8.833333333333334,2.8577380332471853,18.5,8.356200509592963,31.0,0.0,28.0,6.0,15,6,1,1,-0.7071067811865471,-0.7071067811865479,-0.7818314824680299,0.6234898018587334,0,0.0,1.0
1,2020-01-05 15:00:00,2020-01-05 16:00:00,train,29.0,0,33.0,12.0,4.0,10.0,11.0,31.0,12.5,10.387492478938341,18.708333333333332,8.660149444772708,33.0,0.0,19.0,4.0,16,6,1,1,-0.8660254037844385,-0.5000000000000004,-0.7818314824680299,0.6234898018587334,0,0.0,1.0
1,2020-01-05 16:00:00,2020-01-05 17:00:00,train,22.0,0,29.0,33.0,12.0,4.0,8.0,29.0,16.0,11.983321743156212,19.125,8.911704565394295,33.0,0.0,23.0,2.0,17,6,1,1,-0.9659258262890683,-0.25881904510252063,-0.7818314824680299,0.6234898018587334,0,0.0,1.0
1,2020-01-05 17:00:00,2020-01-05 18:00:00,train,9.0,0,22.0,29.0,33.0,12.0,8.0,24.0,18.333333333333332,11.465891446663314,19.083333333333332,8.895121607139334,33.0,0.0,27.0,1.0,18,6,1,1,-1.0,-1.8369701987210297e-16,-0.7818314824680299,0.6234898018587334,0,0.0,1.0
1,2020-01-05 18:00:00,2020-01-05 19:00:00,train,1.0,0,9.0,22.0,29.0,33.0,10.0,22.0,18.166666666666668,11.617515511789383,18.333333333333332,8.957225243230795,33.0,0.0,25.0,1.0,19,6,1,1,-0.9659258262890684,0.2588190451025203,-0.7818314824680299,0.6234898018587334,0,0.0,1.0
1,2020-01-05 19:00:00,2020-01-05 20:00:00,train,1.0,0,1.0,9.0,22.0,29.0,4.0,19.0,17.666666666666668,12.388166396471552,17.333333333333332,9.50362249774843,33.0,0.0,22.0,1.0,20,6,1,1,-0.8660254037844386,0.5000000000000001,-0.7818314824680299,0.6234898018587334,0,0.0,1.0
1,2020-01-05 20:00:00,2020-01-05 21:00:00,train,1.0,0,1.0,1.0,9.0,22.0,12.0,8.0,15.833333333333334,14.091368516459537,16.458333333333332,10.008601373282648,33.0,0.0,26.0,1.0,21,6,1,1,-0.7071067811865477,0.7071067811865474,-0.7818314824680299,0.6234898018587334,0,0.0,1.0
1,2020-01-05 21:00:00,2020-01-05 22:00:00,train,2.0,0,1.0,1.0,1.0,9.0,33.0,11.0,10.5,12.227019260637514,15.416666666666666,10.2699082027423,33.0,0.0,8.0,2.0,22,6,1,1,-0.5000000000000004,0.8660254037844384,-0.7818314824680299,0.6234898018587334,0,0.0,1.0
1,2020-01-05 22:00:00,2020-01-05 23:00:00,train,3.0,0,2.0,1.0,1.0,1.0,29.0,8.0,6.0,8.43800924389165,15.166666666666666,10.528085282241253,33.0,0.0,15.0,1.0,23,6,1,1,-0.25881904510252157,0.9659258262890681,-0.7818314824680299,0.6234898018587334,0,0.0,1.0
1,2020-01-05 23:00:00,2020-01-06 00:00:00,train,7.0,0,3.0,2.0,1.0,1.0,22.0,8.0,2.8333333333333335,3.1251666622226377,14.666666666666666,10.817323733420533,33.0,0.0,31.0,1.0,0,0,1,0,0.0,1.0,0.0,1.0,0,0.0,1.0
1,2020-01-06 00:00:00,2020-01-06 01:00:00,train,4.0,0,7.0,3.0,2.0,1.0,9.0,10.0,2.5,2.3452078799119565,13.666666666666666,10.340577171119802,33.0,0.0,15.0,2.0,1,0,1,0,0.25881904510252074,0.9659258262890683,0.0,1.0,0,0.0,1.0
1,2020-01-06 01:00:00,2020-01-06 02:00:00,train,15.0,0,4.0,7.0,3.0,2.0,1.0,4.0,3.0,2.2803508501985186,13.208333333333334,10.521114037007207,33.0,0.0,19.0,1.0,2,0,1,0,0.49999999999999994,0.8660254037844387,0.0,1.0,0,0.0,1.0
1,2020-01-06 02:00:00,2020-01-06 03:00:00,train,11.0,0,15.0,4.0,7.0,3.0,1.0,12.0,5.333333333333333,5.1639777949433165,13.041666666666666,10.456864467552096,33.0,0.0,31.0,1.0,3,0,1,0,0.7071067811865476,0.7071067811865476,0.0,1.0,0,0.0,1.0
1,2020-01-06 03:00:00,2020-01-06 04:00:00,train,6.0,0,11.0,15.0,4.0,7.0,1.0,33.0,7.0,5.099019513592871,12.208333333333334,9.735542979282112,33.0,0.0,29.0,1.0,4,0,1,0,0.8660254037844386,0.5000000000000001,0.0,1.0,0,0.0,1.0
1,2020-01-06 04:00:00,2020-01-06 05:00:00,train,23.0,0,6.0,11.0,15.0,4.0,2.0,29.0,7.666666666666667,4.546060565662044,11.25,9.123548127498562,33.0,0.0,24.0,1.0,5,0,1,0,0.9659258262890683,0.25881904510252074,0.0,1.0,0,0.0,1.0
1,2020-01-06 05:00:00,2020-01-06 06:00:00,train,13.0,0,23.0,6.0,11.0,15.0,3.0,22.0,11.0,7.071067811865521,11.208333333333334,9.06488287013546,33.0,0.0,22.0,1.0,6,0,1,0,1.0,6.123233995736766e-17,0.0,1.0,0,0.0,1.0
1,2020-01-06 06:00:00,2020-01-06 07:00:00,train,3.0,0,13.0,23.0,6.0,11.0,7.0,9.0,12.0,6.8117545463706035,10.833333333333334,8.780743093574838,33.0,0.0,19.0,1.0,7,0,1,0,0.9659258262890683,-0.25881904510252063,0.0,1.0,0,0.0,1.0
1,2020-01-06 07:00:00,2020-01-06 08:00:00,train,18.0,0,3.0,13.0,23.0,6.0,4.0,1.0,11.833333333333334,7.054549359574094,10.166666666666666,8.741040962119396,33.0,0.0,8.0,1.0,8,0,1,0,0.8660254037844387,-0.4999999999999998,0.0,1.0,0,0.0,1.0
1,2020-01-06 08:00:00,2020-01-06 09:00:00,train,12.0,0,18.0,3.0,13.0,23.0,15.0,1.0,12.333333333333334,7.420691791650374,10.583333333333334,8.870648555607495,33.0,0.0,11.0,2.0,9,0,1,0,0.7071067811865476,-0.7071067811865475,0.0,1.0,0,0.0,1.0
1,2020-01-06 09:00:00,2020-01-06 10:00:00,train,30.0,0,12.0,18.0,3.0,13.0,11.0,1.0,12.5,7.395944834840277,10.625,8.875038273034432,33.0,0.0,8.0,2.0,10,0,1,0,0.49999999999999994,-0.8660254037844387,0.0,1.0,0,0.0,1.0
1,2020-01-06 10:00:00,2020-01-06 11:00:00,train,42.0,0,30.0,12.0,18.0,3.0,6.0,2.0,16.5,9.396807968666826,11.541666666666666,9.690780767515996,33.0,0.0,8.0,5.0,11,0,1,0,0.258819045102521,-0.9659258262890682,0.0,1.0,0,0.0,1.0
1,2020-01-06 11:00:00,2020-01-06 12:00:00,train,52.0,0,42.0,30.0,12.0,18.0,23.0,3.0,19.666666666666668,14.06650868789647,12.958333333333334,11.472004360963735,42.0,0.0,10.0,11.0,12,0,1,0,1.2246467991473532e-16,-1.0,0.0,1.0,0,0.0,1.0
1,2020-01-06 12:00:00,2020-01-06 13:00:00,train,37.0,0,52.0,42.0,30.0,12.0,13.0,7.0,26.166666666666668,18.637775260654543,14.708333333333334,13.939244464169642,52.0,0.0,4.0,14.0,13,0,1,0,-0.2588190451025208,-0.9659258262890683,0.0,1.0,0,0.0,1.0
1,2020-01-06 13:00:00,2020-01-06 14:00:00,train,47.0,0,37.0,52.0,42.0,30.0,3.0,4.0,31.833333333333332,14.99888884773356,16.083333333333332,14.455077840064327,52.0,0.0,12.0,28.0,14,0,1,0,-0.4999999999999997,-0.8660254037844388,0.0,1.0,0,0.0,1.0
1,2020-01-06 14:00:00,2020-01-06 15:00:00,train,58.0,0,47.0,37.0,52.0,42.0,18.0,15.0,36.666666666666664,14.306175822583265,17.541666666666668,15.734147762020713,52.0,0.0,33.0,28.0,15,0,1,0,-0.7071067811865471,-0.7071067811865479,0.0,1.0,0,0.0,1.0
1,2020-01-06 15:00:00,2020-01-06 16:00:00,train,49.0,0,58.0,47.0,37.0,52.0,12.0,11.0,44.333333333333336,10.171856598805629,18.583333333333332,17.5274112443206,58.0,0.0,29.0,19.0,16,0,1,0,-0.8660254037844385,-0.5000000000000004,0.0,1.0,0,0.0,1.0
1,2020-01-06 16:00:00,2020-01-06 17:00:00,train,20.0,0,49.0,58.0,47.0,37.0,30.0,6.0,47.5,7.39594483484016,19.416666666666668,18.493046088278383,58.0,0.0,22.0,23.0,17,0,1,0,-0.9659258262890683,-0.25881904510252063,0.0,1.0,0,0.0,1.0
1,2020-01-06 17:00:00,2020-01-06 18:00:00,train,9.0,0,20.0,49.0,58.0,47.0,42.0,23.0,43.833333333333336,13.556056457047735,19.333333333333332,18.485403564097165,58.0,0.0,9.0,27.0,18,0,1,0,-1.0,-1.8369701987210297e-16,0.0,1.0,0,0.0,1.0
1,2020-01-06 18:00:00,2020-01-06 19:00:00,train,5.0,0,9.0,20.0,49.0,58.0,52.0,13.0,36.666666666666664,18.7474442702643,19.333333333333332,18.485403564097165,58.0,0.0,1.0,25.0,19,0,1,0,-0.9659258262890684,0.2588190451025203,0.0,1.0,0,0.0,1.0
1,2020-01-06 19:00:00,2020-01-06 20:00:00,train,1.0,0,5.0,9.0,20.0,49.0,37.0,3.0,31.333333333333332,22.756683999798078,19.5,18.33030277982336,58.0,0.0,1.0,22.0,20,0,1,0,-0.8660254037844386,0.5000000000000001,0.0,1.0,0,0.0,1.0
1,2020-01-06 20:00:00,2020-01-06 21:00:00,train,1.0,0,1.0,5.0,9.0,20.0,47.0,18.0,23.666666666666668,24.130202375170125,19.5,18.33030277982336,58.0,0.0,1.0,26.0,21,0,1,0,-0.7071067811865477,0.7071067811865474,0.0,1.0,0,0.0,1.0
1,2020-01-06 21:00:00,2020-01-06 22:00:00,train,1.0,0,1.0,1.0,5.0,9.0,58.0,12.0,14.166666666666666,18.465282739960035,19.5,18.33030277982336,58.0,0.0,2.0,8.0,22,0,1,0,-0.5000000000000004,0.8660254037844384,0.0,1.0,0,0.0,1.0
1,2020-01-06 22:00:00,2020-01-06 23:00:00,train,2.0,0,1.0,1.0,1.0,5.0,49.0,30.0,6.166666666666667,7.494442385305662,19.458333333333332,18.372898677048795,58.0,0.0,3.0,15.0,23,0,1,0,-0.25881904510252157,0.9659258262890681,0.0,1.0,0,0.0,1.0
1,2020-01-06 23:00:00,2020-01-07 00:00:00,train,3.0,0,2.0,1.0,1.0,1.0,20.0,42.0,3.1666666666666665,3.2506409624358765,19.416666666666668,18.412936536143764,58.0,0.0,7.0,31.0,0,1,1,0,0.0,1.0,0.7818314824680298,0.6234898018587336,0,0.0,1.0
1,2020-01-07 00:00:00,2020-01-07 01:00:00,train,2.0,0,3.0,2.0,1.0,1.0,9.0,52.0,2.1666666666666665,1.6020819787595288,19.25,18.54782302941331,58.0,0.0,4.0,15.0,1,1,1,0,0.25881904510252074,0.9659258262890683,0.7818314824680298,0.6234898018587336,0,0.0,1.0
1,2020-01-07 01:00:00,2020-01-07 02:00:00,train,1.0,0,2.0,3.0,2.0,1.0,5.0,37.0,1.6666666666666667,0.8164965809273489,19.166666666666668,18.62365645382627,58.0,0.0,15.0,19.0,2,1,1,0,0.49999999999999994,0.8660254037844387,0.7818314824680298,0.6234898018587336,0,0.0,1.0
1,2020-01-07 02:00:00,2020-01-07 03:00:00,train,12.0,0,1.0,2.0,3.0,2.0,1.0,47.0,1.6666666666666667,0.8164965809273489,18.583333333333332,18.97576639150386,58.0,0.0,11.0,31.0,3,1,1,0,0.7071067811865476,0.7071067811865476,0.7818314824680298,0.6234898018587336,0,0.0,1.0
1,2020-01-07 03:00:00,2020-01-07 04:00:00,train,27.0,0,12.0,1.0,2.0,3.0,1.0,58.0,3.5,4.230839160261161,18.625,18.959481968707347,58.0,0.0,6.0,29.0,4,1,1,0,0.8660254037844386,0.5000000000000001,0.7818314824680298,0.6234898018587336,0,0.0,1.0
1,2020-01-07 04:00:00,2020-01-07 05:00:00,train,23.0,0,27.0,12.0,1.0,2.0,1.0,49.0,7.833333333333333,10.225784403490326,19.5,18.83567383173886,58.0,0.0,23.0,24.0,5,1,1,0,0.9659258262890683,0.25881904510252074,0.7818314824680298,0.6234898018587336,0,0.0,1.0
1,2020-01-07 05:00:00,2020-01-07 06:00:00,train,10.0,0,23.0,27.0,12.0,1.0,2.0,20.0,11.333333333333334,11.360751148875059,19.5,18.83567383173886,58.0,0.0,13.0,22.0,6,1,1,0,1.0,6.123233995736766e-17,0.7818314824680298,0.6234898018587336,0,0.0,1.0
1,2020-01-07 06:00:00,2020-01-07 07:00:00,train,6.0,0,10.0,23.0,27.0,12.0,3.0,9.0,12.5,10.672394295564578,19.375,18.89056009941381,58.0,0.0,3.0,19.0,7,1,1,0,0.9659258262890683,-0.25881904510252063,0.7818314824680298,0.6234898018587336,0,0.0,1.0
1,2020-01-07 07:00:00,2020-01-07 08:00:00,train,11.0,0,6.0,10.0,23.0,27.0,2.0,5.0,13.166666666666666,9.988326519826332,19.5,18.78713713526173,58.0,0.0,18.0,8.0,8,1,1,0,0.8660254037844387,-0.4999999999999998,0.7818314824680298,0.6234898018587336,0,0.0,1.0
1,2020-01-07 08:00:00,2020-01-07 09:00:00,train,10.0,0,11.0,6.0,10.0,23.0,1.0,1.0,14.833333333333334,8.232051182218559,19.208333333333332,18.865609767088312,58.0,0.0,12.0,11.0,9,1,1,0,0.7071067811865476,-0.7071067811865475,0.7818314824680298,0.6234898018587336,0,0.0,1.0
1,2020-01-07 09:00:00,2020-01-07 10:00:00,train,14.0,0,10.0,11.0,6.0,10.0,12.0,1.0,14.5,8.408329203831123,19.125,18.903214587448623,58.0,0.0,30.0,8.0,10,1,1,0,0.49999999999999994,-0.8660254037844387,0.7818314824680298,0.6234898018587336,0,0.0,1.0
1,2020-01-07 10:00:00,2020-01-07 11:00:00,train,6.0,0,14.0,10.0,11.0,6.0,27.0,1.0,12.333333333333334,5.819507424745329,18.458333333333332,18.7847745161657,58.0,0.0,42.0,8.0,11,1,1,0,0.258819045102521,-0.9659258262890682,0.7818314824680298,0.6234898018587336,0,0.0,1.0
1,2020-01-07 11:00:00,2020-01-07 12:00:00,train,7.0,0,6.0,14.0,10.0,11.0,23.0,2.0,9.5,3.0822070014843885,16.958333333333332,18.25300253244039,58.0,0.0,52.0,10.0,12,1,1,0,1.2246467991473532e-16,-1.0,0.7818314824680298,0.6234898018587336,0,0.0,1.0
1,2020-01-07 12:00:00,2020-01-07 13:00:00,train,10.0,0,7.0,6.0,14.0,10.0,10.0,3.0,9.0,3.2249030993193255,15.083333333333334,16.745970746179033,58.0,0.0,37.0,4.0,13,1,1,0,-0.2588190451025208,-0.9659258262890683,0.7818314824680298,0.6234898018587336,0,0.0,1.0
1,2020-01-07 13:00:00,2020-01-07 14:00:00,train,21.0,0,10.0,7.0,6.0,14.0,6.0,2.0,9.666666666666666,2.875181153712936,13.958333333333334,16.10422349859668,58.0,0.0,47.0,12.0,14,1,1,0,-0.4999999999999997,-0.8660254037844388,0.7818314824680298,0.6234898018587336,0,0.0,1.0
1,2020-01-07 14:00:00,2020-01-07 15:00:00,train,20.0,0,21.0,10.0,7.0,6.0,11.0,1.0,11.333333333333334,5.501514942874011,12.875,14.588001323303185,58.0,0.0,58.0,33.0,15,1,1,0,-0.7071067811865471,-0.7071067811865479,0.7818314824680298,0.6234898018587336,0,0.0,1.0
1,2020-01-07 15:00:00,2020-01-07 16:00:00,train,10.0,0,20.0,21.0,10.0,7.0,10.0,12.0,13.0,6.44980619863879,11.291666666666666,11.129589103969122,49.0,0.0,49.0,29.0,16,1,1,0,-0.8660254037844385,-0.5000000000000004,0.7818314824680298,0.6234898018587336,0,0.0,1.0
1,2020-01-07 16:00:00,2020-01-07 17:00:00,train,2.0,0,10.0,20.0,21.0,10.0,14.0,27.0,12.333333333333334,6.5319726474217585,9.666666666666666,7.7046945974892145,27.0,0.0,20.0,22.0,17,1,1,0,-0.9659258262890683,-0.25881904510252063,0.7818314824680298,0.6234898018587336,0,0.0,1.0
1,2020-01-07 17:00:00,2020-01-07 18:00:00,train,1.0,0,2.0,10.0,20.0,21.0,6.0,23.0,11.666666666666666,7.447594690010059,8.916666666666666,7.529170325945696,27.0,0.0,9.0,9.0,18,1,1,0,-1.0,-1.8369701987210297e-16,0.7818314824680298,0.6234898018587336,0,0.0,1.0
1,2020-01-07 18:00:00,2020-01-07 19:00:00,train,1.0,0,1.0,2.0,10.0,20.0,7.0,10.0,10.666666666666666,8.52447456836291,8.583333333333334,7.700461119262608,27.0,0.0,5.0,1.0,19,1,1,0,-0.9659258262890684,0.2588190451025203,0.7818314824680298,0.6234898018587336,0,0.0,1.0
1,2020-01-07 19:00:00,2020-01-07 20:00:00,train,1.0,0,1.0,1.0,2.0,10.0,10.0,6.0,9.166666666666666,9.410986487434037,8.416666666666666,7.823691259727469,27.0,0.0,1.0,1.0,20,1,1,0,-0.8660254037844386,0.5000000000000001,0.7818314824680298,0.6234898018587336,0,0.0,1.0
1,2020-01-07 20:00:00,2020-01-07 21:00:00,train,1.0,0,1.0,1.0,1.0,2.0,21.0,11.0,5.833333333333333,7.782458908768237,8.416666666666666,7.823691259727469,27.0,0.0,1.0,1.0,21,1,1,0,-0.7071067811865477,0.7071067811865474,0.7818314824680298,0.6234898018587336,0,0.0,1.0
1,2020-01-07 21:00:00,2020-01-07 22:00:00,train,1.0,0,1.0,1.0,1.0,1.0,20.0,10.0,2.6666666666666665,3.6147844564601823,8.416666666666666,7.823691259727469,27.0,0.0,1.0,2.0,22,1,1,0,-0.5000000000000004,0.8660254037844384,0.7818314824680298,0.6234898018587336,0,0.0,1.0
1,2020-01-07 22:00:00,2020-01-07 23:00:00,train,1.0,0,1.0,1.0,1.0,1.0,10.0,14.0,1.1666666666666667,0.40824829046323624,8.416666666666666,7.823691259727469,27.0,0.0,2.0,3.0,23,1,1,0,-0.25881904510252157,0.9659258262890681,0.7818314824680298,0.6234898018587336,0,0.0,1.0
1,2020-01-07 23:00:00,2020-01-08 00:00:00,train,1.0,0,1.0,1.0,1.0,1.0,2.0,6.0,1.0,0.0,8.375,7.861919778825997,27.0,0.0,3.0,7.0,0,2,1,0,0.0,1.0,0.9749279121818236,-0.22252093395631434,0,0.0,1.0
1,2020-01-08 00:00:00,2020-01-08 01:00:00,train,1.0,0,1.0,1.0,1.0,1.0,1.0,7.0,1.0,0.0,8.291666666666666,7.931660096351692,27.0,0.0,2.0,4.0,1,2,1,0,0.25881904510252074,0.9659258262890683,0.9749279121818236,-0.22252093395631434,0,0.0,1.0
1,2020-01-08 01:00:00,2020-01-08 02:00:00,train,1.0,0,1.0,1.0,1.0,1.0,1.0,10.0,1.0,0.0,8.25,7.968688725254599,27.0,0.0,1.0,15.0,2,2,1,0,0.49999999999999994,0.8660254037844387,0.9749279121818236,-0.22252093395631434,0,0.0,1.0
1,2020-01-08 02:00:00,2020-01-08 03:00:00,train,1.0,0,1.0,1.0,1.0,1.0,1.0,21.0,1.0,0.0,8.25,7.968688725254599,27.0,0.0,12.0,11.0,3,2,1,0,0.7071067811865476,0.7071067811865476,0.9749279121818236,-0.22252093395631434,0,0.0,1.0
1,2020-01-08 03:00:00,2020-01-08 04:00:00,train,1.0,0,1.0,1.0,1.0,1.0,1.0,20.0,1.0,0.0,7.791666666666667,8.059448501288863,27.0,0.0,27.0,6.0,4,2,1,0,0.8660254037844386,0.5000000000000001,0.9749279121818236,-0.22252093395631434,0,0.0,1.0
1,2020-01-08 04:00:00,2020-01-08 05:00:00,train,1.0,0,1.0,1.0,1.0,1.0,1.0,10.0,1.0,0.0,6.708333333333333,7.049385829964898,23.0,0.0,23.0,23.0,5,2,1,0,0.9659258262890683,0.25881904510252074,0.9749279121818236,-0.22252093395631434,0,0.0,1.0
1,2020-01-08 05:00:00,2020-01-08 06:00:00,train,1.0,0,1.0,1.0,1.0,1.0,1.0,2.0,1.0,0.0,5.791666666666667,6.220437330261425,21.0,0.0,10.0,13.0,6,2,1,0,1.0,6.123233995736766e-17,0.9749279121818236,-0.22252093395631434,0,0.0,1.0
1,2020-01-08 06:00:00,2020-01-08 07:00:00,train,1.0,0,1.0,1.0,1.0,1.0,1.0,1.0,1.0,0.0,5.416666666666667,6.226986616240661,21.0,0.0,6.0,3.0,7,2,1,0,0.9659258262890683,-0.25881904510252063,0.9749279121818236,-0.22252093395631434,0,0.0,1.0
1,2020-01-08 07:00:00,2020-01-08 08:00:00,train,1.0,0,1.0,1.0,1.0,1.0,1.0,1.0,1.0,0.0,5.208333333333333,6.289944816697615,21.0,0.0,11.0,18.0,8,2,1,0,0.8660254037844387,-0.4999999999999998,0.9749279121818236,-0.22252093395631434,0,0.0,1.0
1,2020-01-08 08:00:00,2020-01-08 09:00:00,train,1.0,0,1.0,1.0,1.0,1.0,1.0,1.0,1.0,0.0,4.791666666666667,6.220437330261425,21.0,0.0,10.0,12.0,9,2,1,0,0.7071067811865476,-0.7071067811865475,0.9749279121818236,-0.22252093395631434,0,0.0,1.0
1,2020-01-08 09:00:00,2020-01-08 10:00:00,train,1.0,0,1.0,1.0,1.0,1.0,1.0,1.0,1.0,0.0,4.416666666666667,6.1638262161735335,21.0,0.0,14.0,30.0,10,2,1,0,0.49999999999999994,-0.8660254037844387,0.9749279121818236,-0.22252093395631434,0,0.0,1.0
1,2020-01-08 10:00:00,2020-01-08 11:00:00,train,2.0,0,1.0,1.0,1.0,1.0,1.0,1.0,1.0,0.0,3.875,5.848169538968708,21.0,0.0,6.0,42.0,11,2,1,0,0.258819045102521,-0.9659258262890682,0.9749279121818236,-0.22252093395631434,0,0.0,1.0
1,2020-01-08 11:00:00,2020-01-08 12:00:00,train,5.0,0,2.0,1.0,1.0,1.0,1.0,1.0,1.1666666666666667,0.40824829046323624,3.7083333333333335,5.841970830841723,21.0,0.0,7.0,52.0,12,2,1,0,1.2246467991473532e-16,-1.0,0.9749279121818236,-0.22252093395631434,0,0.0,1.0
1,2020-01-08 12:00:00,2020-01-08 13:00:00,train,15.0,0,5.0,2.0,1.0,1.0,1.0,1.0,1.8333333333333333,1.60208197875956,3.625,5.8071357902976795,21.0,0.0,10.0,37.0,13,2,1,0,-0.2588190451025208,-0.9659258262890683,0.9749279121818236,-0.22252093395631434,0,0.0,1.0
1,2020-01-08 13:00:00,2020-01-08 14:00:00,train,26.0,0,15.0,5.0,2.0,1.0,1.0,1.0,4.166666666666667,5.52871293039041,3.8333333333333335,6.126681963678032,21.0,0.0,21.0,47.0,14,2,1,0,-0.4999999999999997,-0.8660254037844388,0.9749279121818236,-0.22252093395631434,0,0.0,1.0
1,2020-01-08 14:00:00,2020-01-08 15:00:00,train,31.0,0,26.0,15.0,5.0,2.0,1.0,1.0,8.333333333333334,10.152175464730014,4.041666666666667,6.785400995274074,26.0,0.0,20.0,58.0,15,2,1,0,-0.7071067811865471,-0.7071067811865479,0.9749279121818236,-0.22252093395631434,0,0.0,1.0
1,2020-01-08 15:00:00,2020-01-08 16:00:00,train,32.0,0,31.0,26.0,15.0,5.0,1.0,1.0,13.333333333333334,12.847827313077724,4.5,8.145417490034275,31.0,0.0,10.0,49.0,16,2,1,0,-0.8660254037844385,-0.5000000000000004,0.9749279121818236,-0.22252093395631434,0,0.0,1.0
1,2020-01-08 16:00:00,2020-01-08 17:00:00,train,14.0,0,32.0,31.0,26.0,15.0,1.0,1.0,18.5,13.126309458488294,5.416666666666667,9.850697025290023,32.0,0.0,2.0,20.0,17,2,1,0,-0.9659258262890683,-0.25881904510252063,0.9749279121818236,-0.22252093395631434,0,0.0,1.0
1,2020-01-08 17:00:00,2020-01-08 18:00:00,train,5.0,0,14.0,32.0,31.0,26.0,2.0,1.0,20.5,10.821275340734992,5.916666666666667,9.973515653607476,32.0,0.0,1.0,9.0,18,2,1,0,-1.0,-1.8369701987210297e-16,0.9749279121818236,-0.22252093395631434,0,0.0,1.0
1,2020-01-08 18:00:00,2020-01-08 19:00:00,train,2.0,0,5.0,14.0,32.0,31.0,5.0,1.0,20.5,10.821275340734992,6.083333333333333,9.921065277069987,32.0,0.0,1.0,5.0,19,2,1,0,-0.9659258262890684,0.2588190451025203,0.9749279121818236,-0.22252093395631434,0,0.0,1.0
1,2020-01-08 19:00:00,2020-01-08 20:00:00,train,1.0,0,2.0,5.0,14.0,32.0,15.0,1.0,18.333333333333332,13.18585100274783,6.125,9.9008673313525,32.0,0.0,1.0,1.0,20,2,1,0,-0.8660254037844386,0.5000000000000001,0.9749279121818236,-0.22252093395631434,0,0.0,1.0
1,2020-01-08 20:00:00,2020-01-08 21:00:00,train,1.0,0,1.0,2.0,5.0,14.0,26.0,1.0,14.166666666666666,14.190372323045862,6.125,9.9008673313525,32.0,0.0,1.0,1.0,21,2,1,0,-0.7071067811865477,0.7071067811865474,0.9749279121818236,-0.22252093395631434,0,0.0,1.0
1,2020-01-08 21:00:00,2020-01-08 22:00:00,train,1.0,0,1.0,1.0,2.0,5.0,31.0,1.0,9.166666666666666,12.221565638929656,6.125,9.9008673313525,32.0,0.0,1.0,1.0,22,2,1,0,-0.5000000000000004,0.8660254037844384,0.9749279121818236,-0.22252093395631434,0,0.0,1.0
1,2020-01-08 22:00:00,2020-01-08 23:00:00,train,1.0,0,1.0,1.0,1.0,2.0,32.0,1.0,4.0,5.138093031465998,6.125,9.9008673313525,32.0,0.0,1.0,2.0,23,2,1,0,-0.25881904510252157,0.9659258262890681,0.9749279121818236,-0.22252093395631434,0,0.0,1.0
1,2020-01-08 23:00:00,2020-01-09 00:00:00,train,1.0,0,1.0,1.0,1.0,1.0,14.0,2.0,1.8333333333333333,1.6020819787595606,6.125,9.9008673313525,32.0,0.0,1.0,3.0,0,3,1,0,0.0,1.0,0.43388373911755823,-0.900968867902419,0,0.0,1.0
1,2020-01-09 00:00:00,2020-01-09 01:00:00,train,1.0,0,1.0,1.0,1.0,1.0,5.0,5.0,1.1666666666666667,0.4082482904632416,6.125,9.9008673313525,32.0,0.0,1.0,2.0,1,3,1,0,0.25881904510252074,0.9659258262890683,0.43388373911755823,-0.900968867902419,0,0.0,1.0
1,2020-01-09 01:00:00,2020-01-09 02:00:00,train,1.0,0,1.0,1.0,1.0,1.0,2.0,15.0,1.0,0.0,6.125,9.9008673313525,32.0,0.0,1.0,1.0,2,3,1,0,0.49999999999999994,0.8660254037844387,0.43388373911755823,-0.900968867902419,0,0.0,1.0
1,2020-01-09 02:00:00,2020-01-09 03:00:00,train,1.0,0,1.0,1.0,1.0,1.0,1.0,26.0,1.0,0.0,6.125,9.9008673313525,32.0,0.0,1.0,12.0,3,3,1,0,0.7071067811865476,0.7071067811865476,0.43388373911755823,-0.900968867902419,0,0.0,1.0
1,2020-01-09 03:00:00,2020-01-09 04:00:00,train,1.0,0,1.0,1.0,1.0,1.0,1.0,31.0,1.0,0.0,6.125,9.9008673313525,32.0,0.0,1.0,27.0,4,3,1,0,0.8660254037844386,0.5000000000000001,0.43388373911755823,-0.900968867902419,0,0.0,1.0
1,2020-01-09 04:00:00,2020-01-09 05:00:00,train,1.0,0,1.0,1.0,1.0,1.0,1.0,32.0,1.0,0.0,6.125,9.9008673313525,32.0,0.0,1.0,23.0,5,3,1,0,0.9659258262890683,0.25881904510252074,0.43388373911755823,-0.900968867902419,0,0.0,1.0
1,2020-01-09 05:00:00,2020-01-09 06:00:00,train,1.0,0,1.0,1.0,1.0,1.0,1.0,14.0,1.0,0.0,6.125,9.9008673313525,32.0,0.0,1.0,10.0,6,3,1,0,1.0,6.123233995736766e-17,0.43388373911755823,-0.900968867902419,0,0.0,1.0
1,2020-01-09 06:00:00,2020-01-09 07:00:00,train,1.0,0,1.0,1.0,1.0,1.0,1.0,5.0,1.0,0.0,6.125,9.9008673313525,32.0,0.0,1.0,6.0,7,3,1,0,0.9659258262890683,-0.25881904510252063,0.43388373911755823,-0.900968867902419,0,0.0,1.0
1,2020-01-09 07:00:00,2020-01-09 08:00:00,train,1.0,0,1.0,1.0,1.0,1.0,1.0,2.0,1.0,0.0,6.125,9.9008673313525,32.0,0.0,1.0,11.0,8,3,1,0,0.8660254037844387,-0.4999999999999998,0.43388373911755823,-0.900968867902419,0,0.0,1.0
